content,rating
"tiki giao hÃ ng nhanh chÃ³ng, hÃ ng Ä‘áº¹p cháº¥t lÆ°á»£ng",5
 Giá»¯ nhiá»‡t tÆ°Æ¡ng Ä‘á»‘i tá»‘t,4
+ CÃ¢y lau cá»©ng cÃ¡p,5
Giao hÃ ng nhÃ  ,4
" Hiáº¿m cÃ³ nÆ¡i nÃ o lÃ m Ä‘Æ°á»£c nhÆ° váº­y, sáº½ á»§ng há»™ tiáº¿p",5
cÅ©ng Ä‘Æ°á»£c,5
"CÃ¢y lau nhÃ  nháº¹ láº¯m, Ä‘Æ°á»£c táº·ng thÃªm 2 bÃ´ng lau, nhÃ  bÃ¡n hÃ ng ráº¥t tá»‘t nhÆ°ng tiki thÃ¬ dá»‹ch vá»¥ giao hÃ ng siÃªu tá»‡, gá»i lÃªn ráº¥t nhiá»u láº§n má»›i giao",5
"hÃ i lÃ²ng láº¯m , giá»¯ nhiá»‡t bÃ¡ chÃ¡y , Ä‘á»“ Äƒn náº¥u sÃ¡ng sá»›m mÃ  Ä‘áº¿n trÆ°a váº«n nÃ³ng phá»ng tay",5
 Ráº¥t xá»©ng Ä‘Ã¡ng vá»›i giÃ¡ tiá»n,5
 GiÃ¡ cáº£ há»£p lÃ½ Ä‘Ã¡ng Ä‘á»ƒ mua tiáº¿p,5
Chuáº©n bá»‹ mua thÃªm 1 bá»™ ná»¯a do quÃ¡ hÃ i lÃ²ng vá»›i Ä‘á»™ xá»‹n sÃ² cá»§a nÃ³,5
"nguyÃªn combo Ä‘áº¹p, cháº¯c cháº¯n",5
"HÃ¬nh thá»©c Ä‘áº¹p, ok nhá» gá»n cÃ²n tráº£i nghiá»‡m pháº£i thá»­ rá»“i má»›i biáº¿t",5
 Kháº£ nÄƒng váº¯t cÅ©ng á»•n khÃ´ng bá»‹ xÄ©nh nÆ°á»›c,5
 CÃ³ quÃ  táº·ng nhÆ° thÃ´ng tin,5
Bá»™ lau nhÃ  Ä‘á»‰nh vÃ£i,5
"Sáº£n pháº©m ráº¥t tá»‘t, giá»¯ nhiá»‡t lÃ¢u",5
Sau 2 tuáº§n sá»­ dá»¥ng,5
 má»i ngÆ°á»i cÃ³ thá»ƒ dÃ¹ng thá»­,5
 do báº±ng inox nÃªn nhiá»‡t sáº½ bá»‹ táº£n ra ngoÃ i ráº¥t nhiá»u,4
 Há»™p giá»¯ nÃ³ng cÆ¡m ráº¥t tá»‘t,5
" hÃ ng Ä‘áº¹p, má»›i hoÃ n toÃ n, k lá»—i",5
Oki6,5
Há»™p giá»¯ Ä‘á»“ Äƒn nÃ³ng tá»‘t,5
tin Tiki vÃ  Lock&lock,4
" Váº¯t khÃ´ lau cá»±c sáº¡ch bá»¥i báº©n, Ä‘i mÃ¡t chÃ¢n háº³n",5
mua láº§n 2,5
 KhÃ¡ lÃ  báº¥t ngá» khi mÃ  thÃ¹ng hÆ¡i di Ä‘á»™ng Ä‘áº¿n váº­y máº·c dÃ¹ Ä‘Ã£ Ä‘á»c thÃ´ng sá»‘ tá»« trÆ°á»›c,5
" Muá»—ng hÆ¡i nÃ´ng, khÃ³ Äƒn canh",5
SÃ i ráº¥t tá»‘t nhÃ©,5
 Tiki giao nhanh,5
"Lau tá»‘t, giÃ¡ hÆ¡i cao",4
CÃ¢y lau khÃ¡ cháº¯c cháº¯n,4
"MÃ¬nh Ä‘Ã£ tá»«ng xÃ i cÃ¢y kiá»ƒu cÅ©, pháº£i xoay vÃ  váº¯t, rá»“i qua cÃ¢y xá»‹t, nhÆ°ng pháº£i váº¯t giáº» báº±ng tay",5
 Hi vá»ng bá»n,5
 Äáº§u lau báº±ng váº£i dá»… thay nÃªn mÃ¬nh nghÄ© sáº½ tiá»‡n Ä‘á»ƒ giáº·t mÃ¡y hoáº·c giáº·t tay náº¿u báº¡n lÃ  ngÆ°á»i kÄ© tÃ­nh,5
 Nay cÃ³ sáº£n pháº©m nÃ y khÃ´ng pháº£i váº¯t tay ná»¯a Ä‘Ãºng lÃ  sÃ¡ng kiáº¿n tuyá»‡t vá»i,5
" há»™p nÃ³ng ná»¯a, pháº£i Ä‘em theo khÄƒn Ä‘á»ƒ cáº§m káº»o phá»ng",5
"HÃ ng Ä‘áº¹p, Ä‘Ã¡ng Ä‘á»“ng tiá»n bÃ¡t gáº¡o ğŸ˜€",5
"sáº£n pháº©m gá»n nháº¹, sang trá»ng",5
"xá»‹n , sáº¡ch , gá»n",5
!,5
nhÆ°ng nhá» quÃ¡,5
Pros: ,5
"Nhá» gá»n, dá»… dÃ¹ng",5
"ÄaÌƒ nhÃ¢Ì£n haÌ€ng, hÃ´Ì£p giÃ¢Ìy hay haÌ€ng bÃªn trong Ä‘ÃªÌ€u mÆ¡Ìi 100%, khÃ´ng meÌo moÌ trÃ¢Ì€y xÆ°Æ¡Ìc",5
"HÃ ng thÃ¬ cháº¯c cháº¯n, nhÆ°ng cÃ³ nhÆ°á»£c Ä‘iá»ƒm lÃ  lÃºc rÃºt lÃªn hÆ¡i khÃ³",5
"HÃ ng giao nhanh, Ä‘Ã³ng gÃ³i cáº©n tháº­n, má»Ÿ ra dÃ¹ng luÃ´n, lau nhÃ  sáº¡ch khÃ´ng ngá», sáº½ á»§ng há»™ shop!",5
"Giao hÃ ng nhanh, dá»… láº¯p ráº¯p, má»›i xÃ i chiea Ä‘Ã¡nh giÃ¡ cháº¥t lÆ°á»£ng bá»n lÃ¢u",5
 cáº§n cáº£i tiáº¿n Ä‘á»ƒ lau vÃ o sÃ¢u cÃ¡c gÃ³c cáº¡nh tÆ°á»ng,4
 má»›i hoÃ n toÃ n,5
 Sáº£n pháº©m giao nhanh vÃ  Ä‘Ã³ng gÃ³i ráº¥t cáº©n tháº­n,5
"CÃ¢y lau nhÃ  tiá»‡n, dá»… giáº·t, giáº·t nhanh láº¡i sáº¡ch sáº½",5
Giá» Ä‘á»±ng cÃ³ quai Ä‘eo tiá»‡n lá»£i,5
"tiá»‡n , sÃ i tá»‘t so vá»›i giÃ¡",5
"ÄÃ£ nháº­n hÃ ng, giao Ä‘Ãºng giá», máº«u mÃ£ Ä‘áº¹p",4
"Lau nhÃ  sáº¡ch, dá»… dÃ¹ng",5
" XÆ°a giá» mÃ¬nh cÃ¢y Ä‘áº§u trÃ²n quen rá»“i, Ä‘á»ƒ xÃ i 1 thá»i gian ná»¯a xem sao",5
tá»‘t láº¯m,5
"Cháº¥t lÆ°Æ¡ng tá»‘t, dÃ¹ng ráº¥t thÃ­ch",5
saÌ‰n phÃ¢Ì‰m chÃ¢Ìt lÆ°Æ¡Ì£ng,5
"Ráº¥t hÃ i lÃ²ng vá» sáº£n pháº©m, giao hÃ ng nhanh",5
CÃ¢y lau nhÃ  Ä‘Ãºng lÃ  tá»‘t vÃ  tiá»‡n lá»£i nhÆ° nhiá»u ngÆ°á»i nháº­n xÃ©t,4
 TaÌ‚Ìm lau chiÌ‰ caÌ‚Ì€n chaÌ€ vaÌ€i laÌ‚Ì€n Ä‘aÌƒ saÌ£ch heÌ‚Ìt veÌ‚Ìt baÌ‚Ì‰n,5
Gá»n nháº¹ di chuyá»ƒn tá»‘t ,5
 TÃ´i cá»±c ká»³ hÃ i lÃ²ng vá» sáº£n pháº©m nÃ y,5
 NhÃºng váº¯t dá»… dÃ ng,4
 Moi nguoi nÃªn mua,5
Äá»“ sá»­ dá»¥ng ráº¥t tá»‘t sáº½ á»§ng há»™ shop tiáº¿p,5
 Tá»« hÃ´m mua vá» Ä‘áº¿n giá» con trai mÃ¬nh giÃ nh pháº§n lau nhÃ  ğŸ‘ŒğŸ»ğŸ‘ŒğŸ»,5
LÃ¢u ráº¥t sáº¡ch,5
cÃ¡m Æ¡n shop,5
"Nhá»±a cháº¯c cháº¯n , lau nhÃ  nhanh hÆ¡n vÃ  sáº¡ch , sáº½ tiáº¿p tá»¥c á»§ng há»™",5
"hÃ ng má»›i Ä‘áº¹p, nháº¹ gá»n",5
 NhÆ°ng tÃ³m láº¡i cháº¥t lÆ°á»£ng ráº¥t tá»‘t,5
ráº¥t tá»‘t nÃ¨,5
Tuy nhiÃªn Lock&Lock thÃ¬ cÅ©ng yÃªn tÃ¢m vá» cháº¥t lÆ°á»£ng,5
"HÃ ng Ä‘Ãºng nhÆ° mÃ´ táº£, mÃ¬nh mang cÆ¡m tá»« 7h30, Ä‘áº¿n 12h",4
"Sáº£n pháº©m Ä‘áº¹p, Ä‘Ãºng hÃ¬nh áº¡",5
 DÃ¹ng thá»­ ráº¥t thuáº­n tiá»‡n,5
 Váº¯t khÃ´ kiá»‡t luÃ´n nhÃ©,5
HÃ ng tá»‘t y nhÆ° hÃ¬nh,5
hÃ ng tá»‘t ok,5
chá»•i lau dÃ¹ng tiá»‡n lá»£i nh mik quay Ä‘áº§u chá»•i hÆ¡i lÃ¢u,5
"HÆ¡i bá»‹ xá»‹n Ã¡ chá»“ng e Äƒn khoáº», lÃºc Ä‘áº§u tháº¥y nhá» nhÆ°ng bá» cÆ¡m hÆ¡i bá»‹ nhiá»u vá»«a váº¹n cá»‹n láº¯m, nÃªn mua hi Ä‘Ã¡ng Ä‘á»“ng tiá»n",5
" Nhá» gá»n, váº¯t nc khÃ´ tuy nhiÃªn cÃ¡n cáº§m hÆ¡i ngáº¯n khom má»i lÆ°ng",4
HÃ ng tá»‘t giÃ¡ ráº»,5
sp dÃ¹ng Ä‘Æ°á»£c nhÆ°ng vá»›i giÃ¡ lÃºc mÃ¬nh mua thÃ¬ khÃ´ng ráº» nhÃ© 480k hay sao Ã¡,4
 mÃ¬nh nháº­n Ä‘á»§ hÃ ng,5
ok kfheueowjsbxgwuwowobsbdbriwywgurifkgmh,5
 Giáº·c cÅ©ng cá»±c sáº¡ch nhÃ©,5
Sáº£n pháº©m cháº¯c cháº¯n hÆ¡n so vá»›i máº¥y hÃ£ng khÃ¡c,5
MÃ¬nh Ä‘Ã£ dÃ¹ng 1 cÃ¡i vÃ  cÃ¡i nÃ y lÃ  cÃ¡i thá»© 2,5
" TruÌ›oÌ›Ìc Ä‘aÌ‚y toÌ‚i Ä‘aÌƒ mua nhieÌ‚Ì€u saÌ‰n phaÌ‚Ì‰m caÌ‚y lau nhaÌ€, caÌ‰ daÌ£ng troÌ€n voÌ›Ìi daÌ£ng tuÌ›Ì£ vaÌ†Ìt khaÌc, nhuÌ›ng laÌ‚Ì€n naÌ€y toÌ‚i hoaÌ€n toaÌ€n haÌ€i loÌ€ng viÌ€ nhaÌ£Ì‚n Ä‘uÌ›oÌ›Ì£c moÌ£Ì‚t saÌ‰n phaÌ‚Ì‰m vuÌ›Ì€a Ä‘eÌ£p, chaÌ‚Ìt luÌ›oÌ›Ì£ng hoaÌ€n thieÌ£Ì‚n cao vaÌ€ caÌ‰m giaÌc suÌ›Ì‰ duÌ£ng toÌ‚Ìt",5
"Cháº¥t lÆ°á»£ng hoÃ n thiá»‡n tá»‘t, cáº§n thá»i gian Ä‘á»ƒ kiá»ƒm chá»©ng hiá»‡u quáº£ sá»­ dá»¥ng",5
 Äá»ƒ trong gÃ³c nhÃ¬n nhá» xinh,5
KhÃ³ di chuyá»ƒn,5
sáº£n pháº©m cháº¥t lÆ°á»£ng xá»©ng Ä‘Ã¡ng vs giÃ¡ tiá»n bá» ra,5
MÃ¬nh ráº¥t thÃ­ch sp nÃ y áº¡,5
" Nhá»±a tá»‘t, ko pháº£i tá»« nhá»±a tÃ¡i cháº¿",5
 Äá»™ bá»n chÆ°a biáº¿t nhÆ°ng tháº¥y Æ°ng Ã½ khi sá»­ dá»¥ng,5
" NgoÃ i ra thÃ¬ sá»­ dá»¥ng cÅ©ng á»•n, Ä‘Ãºng chá»©c nÄƒng",4
 ChÃ¢n thÃ nh cáº£m Æ¡n shop ! MÃ¬nh sáº½ tiáº¿p tá»¥c á»§ng há»™ shop!,5
 NhÆ°ng gÃ³p Ã½ má»™t chÃºt vÃ¬ náº¯p cÃ i bá»‹ há»Ÿ chÆ°a kÃ­n láº¯m,4
MÃ¬nh nua táº·ng máº¹,5
NhÆ° Ã½,5
"Sáº£n pháº©m tá»‘t, mua xÃ i Ä‘Æ°á»£c 6 thÃ¡ng rá»“i mÃ  giá»¯ nhiáº¿t tá»‘t, cÆ¡m canh nÃ³ng há»•i",5
Má»›i dÃ¹ng tháº¥y ok,5
 Chá»•i cÅ©ng ráº¥t nháº¹ ná»¯a,5
sáº£n pháº©m nhá» gá»n Ä‘áº¹p ,5
 Giáº·t sáº¡ch hÆ¡n mÃ¬nh tÆ°á»Ÿng,5
Tháº¥y hÆ¡i nhá» khÃ´ng biáº¿t xÃ i tháº¿ nÃ o,5
 NhÃ  sáº£n xuáº¥t nÃªn thay báº±ng nhá»±a cá»©ng thÃ¬ tá»‘t hÆ¡n,5
" ChÃ­nh sÃ¡ch há»— trá»£ khÃ¡ch hÃ ng cÅ©ng ráº¥t tuyá»‡t vá»i, tÃ´i ráº¥t thÃ­ch",5
 Tiá»‡n lá»£i dá»… sá»­ dá»¥ng áº¡,5
"Giao hÃ ng nhanh, sáº£n pháº©m Ä‘Ã³ng gÃ³i cháº¯c cháº¯n",5
"ráº¥t hÃ i lÃ²ng, thá»±c táº¿ nhÆ° hÃ¬nh áº£nh giá»›i thiá»‡u",5
"sáº£n pháº©m gá»n nháº¹, cháº¯c cháº¯n ráº¥t tiá»‡n dá»¥ng",5
CÃ¢y lau nhÃ  Ä‘á»‰nh cá»§a Ä‘á»‰nh pháº£i mua,5
Tuyet voi,5
 2 ngÆ°á»i vá»«a Ä‘á»§ Äƒn,5
4,5
GÃ³i cáº©n tháº­n,4
"CÃ¢y tá»‘t, nhá»±a Ä‘áº¹p, nhÃ¬n sang xá»‹n",5
"Giao hÃ ng nhanh, nhÃ¢n viÃªn giao hÃ ng ráº¥t nhiá»‡t tÃ¬nh",5
 Äáº¹p ,4
"Æ¯u Ä‘iá»ƒm dáº§u tiÃªn lÃ  thiáº¿t káº¿ nhá» gá»n , há»£p lÃ½ , tiáº¿t kiá»‡m nÆ°á»›c mÃ  giáº·t váº«n sáº¡ch ",4
9h tá»‘i hÃ´m trÆ°á»›c Ä‘áº·t hÃ ng thÃ¬ trÆ°a hÃ´m sau Ä‘Ã£ nháº­n Ä‘Æ°á»£c,5
 Shop bÃ¡n hÃ ng nhiá»‡t tÃ¬nh uy tÃ­n,5
 mÃ¬nh Ä‘á»• nÆ°á»›c sÃ´i vÃ o tá»« 15h Ä‘áº¿n 21h30 má»›i sá»±c nhá»› ra,5
 vote 5 sao,5
"Äáº¹p, nháº¹, cháº¯c cháº¯n, quÃ  Ä‘áº¹p! Mua Ä‘Æ°á»£c giÃ¡ tá»‘t!",5
CÃ³ Ä‘iá»u lÃ  khá»›p cá»§a cÃ¢y lau bá»‹ Ä‘Ã n há»“i quÃ¡ nÃªn nhiá»u lÃºc nÃ³ báº­t láº¡i vá»‹ trÃ­ cÅ© lÃ m mÃ¬nh hÆ¡i khÃ³ chá»‹u,5
 Lau ná»n sáº¡ch sáº½,5
XÃ i á»•n,5
"Sáº£n pháº©m cÃ³ 1 há»™p giá»¯ nhiá»‡t bÃªn ngoÃ i kÃ¨m, 1 náº¯p dá»± phÃ²ng vÃ  3 há»™p inox Ä‘á»±ng thá»©c Äƒn bÃªn trong, 3 há»™p nÃ y khÃ´ng cÃ³ chá»©c nÄƒng giá»¯ nhiá»‡t nÃªn khi cho thá»©c Äƒn nÃ³ng vÃ o sáº½ pháº£i láº¥y khÄƒn cáº§m má»›i Ä‘Ã³ng náº¯p Ä‘Æ°á»£c",5
 MÃ¬nh Ä‘Ã£ pháº£i Ä‘áº·t mua tiáº¿p 1 bá»™ ná»¯a Ä‘á»ƒ má»—i táº§ng 1 bá»™ Ä‘á»¡ pháº£i bÃª lÃªn bÃª xuá»‘ng,5
Sáº£n pháº©m nhá» gá»n vÃ  cháº¯c cháº¯n,5
Sáº£n pháº©m Ä‘Ãºng nhÆ° hÃ¬nh,5
Dá»… dÃ¹ng,5
 Náº¿u ná»¯ Äƒn thÃ¬ vá»«a,5
"HÃ ng VN cháº¥t lÆ°á»£ng cao, dá»… xÃ i",5
"Sang, Ä‘áº¹p vÃ  cháº¥t lÆ°á»£ng! Giá»¯ nhiá»‡t tá»‘t, Ä‘á»±ng nÆ°á»›c  má»›i náº¥u thÃ¬ sau 6h cÃ²n khoáº£ng 80%, 12h váº«n cÃ²n khoáº£ng 50%",5
"+ BÃ´ng lau 1 Ä‘áº§u bá»c 1 Ä‘áº§u dÃ¡n, hÆ°á»›ng Ä‘á»ƒ nháº¥n bÃ´ng lau luÃ´n luÃ´n lÃ  hÆ°á»›ng Ä‘áº§u bá»c nÃªn khÃ´ng sá»£ bá»‹ bong pháº§n Ä‘áº§u dÃ¡n",5
 xin chÃ¢n thÃ nh cáº£m Æ¡n shop ráº¥t nhiá»u ,5
 Náº¿u nhÆ° cÃ³ thÃªm 2 bÃ¡nh xe á»Ÿ duá»›i Ä‘á»ƒ di chuyá»ƒn khi lau nhÃ  thÃ¬ tháº­t sá»± Sp nÃ y ko cÃ³ Ä‘á»‘i thá»§ á»Ÿ cÃ¹ng má»©c giÃ¡,5
Ok sai á»•n,4
Sáº£n pháº©m nhá» gá»n cháº¯c cháº¯n dá»… xáº¿p gá»n trong nhÃ ,4
" Da su dung ngay va lien, san pham rat tuyet",5
"Cháº¯c cháº¯n, xá»‹n xÃ² nhÃ©",5
 Cá»±c kÃ¬ Ä‘Ã¡ng tiá»n,5
"KhÃ´ng hiá»ƒu sao tÃ´i váº¯t hÆ¡n 20 láº§n nhÆ°ng miáº¿ng giáº» lau váº«n khÃ´ng kiá»‡t Ä‘Æ°á»£c nÆ°á»›c, khi lau nhÃ  thÃ¬ ná»n khÃ¡ Æ°á»›t, nháº¥t lÃ  vÃ o nhá»¯ng hÃ´m trá»i ná»“m/Ä‘á»™ áº©m cao thÃ¬ cáº£ tiáº¿ng sau má»›i khÃ´ Ä‘Æ°á»£c : ",4
" sáº£n pháº§m nhá» gá»n, dá»… di chuyá»ƒn",5
"ChÆ°a dÃ¹ng nÃªn k biáº¿t cháº¥t lÆ°á»£ng tháº¿ nÃ o, giao hÃ ng nhanh",5
"Máº¹o lÃ  lau báº±ng nÆ°á»›c nÃ³ng sáº½ mau khÃ´ mÃ  cÃ²n diá»‡t khuáº©n ná»¯a, mÃ¬nh pha 1:1 nÆ°á»›c sÃ´i vÃ  nÆ°á»›c láº¡nh, thÃªm 1 náº¯p nÆ°á»›c lau, lau báº£o Ä‘áº£m ko bá»‹ tanh",5
"ÄÃºng mÃ´ táº£, sá»­ dá»¥ng tiá»‡n lá»£i, bá»n hay khÃ´ng chÆ°a biáº¿t",5
"má»›i nháº­n Ä‘Æ°á»£c hÃ ng nÃªn chÆ°a biáº¿t giá»¯ áº¥m lÃ¢u khÃ´ng, nhÆ°ng hÃ¬nh thá»©c ráº¥t Ä‘áº¹p, Æ°ng Ã½",5
"Há»™p cÆ¡m Ä‘áº¹p, dÃ y dáº·n, ráº¥t hÃ i lÃ²ng",5
MÃ¬nh vá»«a nháº­n Ä‘Æ°á»£c hÃ ng,4
"Ráº¥t thÃ­ch, sáº½ á»§ng há»™ tiáº¿p",4
CÃ¢y lau dá»… sá»­ dá»¥ng,5
"HÃ ng Ä‘áº¹p, chÆ°a dÃ¹ng thá»­, ko biáº¿t giá»¯ nhiá»‡t Ä‘Æ°á»£c lÃ¢u khÃ´ng",5
"Ä‘áº¹p, cháº¯c cháº¯n, 3 há»™p bÃªn trong gá»n xinh",5
hÃ ng tá»‘t,5
sáº£n pháº©m cháº¥t lÆ°á»£ng nhÆ°ng lÃ  hÃ ng trung quá»‘c,5
"HÃ ng nhÆ° hÃ¬nh, giao hÃ ng nhanh, Ä‘Ã£ dÃ¹ng tháº¥y ráº¥t tiá»‡n vÃ  gá»n",5
"Sp ok,nháº¹ ,sáº¡ch,nÃ³i chung lÃ  ráº¥t tá»‘t",5
"ÄÃ³ng gÃ³i cháº¯c cháº¯n, giao hÃ ng nhanh, chÆ°a sá»­ dá»¥ng sp nÃªn cháº¥t lÆ°á»£ng sp sáº½ Ä‘Ã¡nh giÃ¡ sau áº¡",5
Dá»… vá»‡ sinh,5
"Bá»™ sáº£n pháº©m nÃ y ráº¥t tiá»‡n lá»£i ,",4
Sáº£n pháº©m xÃ i ráº¥t tá»‘t,5
"há»™p cÆ¡m Ä‘áº¹p, giao hÃ ng nhanh",5
PhÃ¹ há»£p vs cÃ¡c b sinh viÃªn xa nhÃ  tá»± náº¥u Ä‘á»“ Äƒn,5
"sáº£n pháº©m nhÆ° hÃ¬nh, Ä‘em há»™p cÆ¡m tá»« sÃ¡ng Ä‘áº¿n 12h cÃ²n nÃ³ng há»•i",5
" TÃ­nh nÄƒng giá»¯ nhiá»‡t tÆ°Æ¡ng Ä‘á»‘i tá»‘t, mÃ¬nh thá»­ cho 1/4 nÆ°á»›c sÃ´i vÃ o cÃ¡c há»™p Ä‘á»±ng, Ä‘á»ƒ há»™p vÃ o bÃ¬nh vÃ  Ä‘á»ƒ bÃ¬nh luÃ´n vÃ o tÃºi, Ä‘á»ƒ 5 hÆ¡n giá» nhiá»‡t Ä‘á»™ nÆ°á»›c cÃ²n tÆ°Æ¡ng Ä‘á»‘i nÃ³ng khoáº£ng 45 Ä‘á»™",5
 Tuy nhiÃªn qc tháº¥y nhÃ  bÃ¡n táº·ng quÃ ,4
"Bá»™ cÃ¢y lau cá»±c gá»n, dá»… láº¯p rÃ¡p, cá»±c dá»… sá»­ dá»¥ng, hiá»‡u quáº£ cao, nhÃ  sáº¡ch vÃ  mau khÃ´, khÃ´ng pháº£i váº¯t tay ná»¯a, trá»i Æ¡i thÃ­ch gÃ¬ Ä‘Ã¢u luÃ´n!!!!",5
Ráº¥t hÃ i lÃ²ng sp cá»§a bÃªn shop nÃ y,5
QuÃ¡ Æ°ng luÃ´n,5
"Gá»n, nháº¹, sd khÃ¡ ok",5
"hÃ ng cháº¥t lÆ°á»£ng,Ä‘ang tinh",5
Ráº¥t á»•n so vá»›i loáº¡i trÃ²n truyá»n thá»‘ng vá»‘n dá»… bá»‹ hÆ° con quay,4
 Khi váº¯t nÆ°á»›c thÃ¬ dc tÃ¡ch nÆ°á»›c dÆ¡ ra ná»¯a,5
MÃ u sáº¯c Ä‘Æ¡n giáº£n phÃ¹ há»£p nhiá»u Ä‘á»‘i tÆ°á»£ng,5
"Nhá» gá»n tiáº¿t kiá»‡m diá»‡n tÃ­ch, trá»ng lÆ°á»£ng nháº¹",5
 Chuáº©n,5
Tháº­t tuyá»‡t vá»i ğŸ‘,5
 lau sáº¡ch,5
" Nhá» gá»n, nháº¹ vÃ  tiá»‡n lá»£i",5
quÃ¡ xá»‹n xÃ² vÃ  ráº» so vá»›i cháº¥t lÆ°á»£ng,5
"giá»¯ nhiá»‡t tá»‘t, phá»¥ kiá»‡n Ä‘áº§y Ä‘á»§, Ä‘Ã³ng gÃ³i cáº©n tháº­n",5
 Má»—i láº§n Äƒn xong pháº£i thÃ¡o ra thÃ¡o vÃ´ thÃ¬ hÆ¡i báº¥t tiá»‡n,4
 ÄÆ°á»£c táº·ng thÃªm miáº¿ng lau nhÃ  má»›i,5
 nÃ³i chung lÃ  OK,5
"Sáº£n pháº©m Ä‘áº¹p, sáº¯c xáº£o, cháº¯c cháº¯n",5
"Ä‘áº¹p, gá»n gÃ ng, y hÃ¬nh áº£nh, Ä‘Æ°á»£c táº·ng thÃªm 1 miáº¿ng lau, duy nháº¥t lÃ  cÃ³ váº» hÆ¡i yáº¿u",4
Sáº£n pháº©m xÃ i ráº¥t Ãªm tay,5
tiá»‡n Ã­ch,5
"Dá»… láº¯p rÃ¡p, dá»… sá»­ dá»¥ng",5
"DÃ¹ng tá»‘t, dá»… sá»­ dá»¥ng",5
 hÆ¡n cáº£ mong Ä‘á»£i,5
Ráº¥t hÃ i lÃ²ngl,5
 xá»‹n hÆ¡n cÃ¢y 50k,5
hÃ ng VN cháº¥t lÆ°á»£ng cao,5
Lau tá»‘t hÆ¡n háºµn chá»•i trÃ²n mÃ¬nh thÆ°á»ng dÃ¹ng,5
"Sáº£n pháº©m cháº¥t lÆ°á»£ng vÃ  Ä‘áº¹p! Giao hÃ ng nhanh, nhiá»‡t tÃ¬nh",5
cháº¯c do bÃªn váº­n chuyá»ƒn cÃ³ cÃ¡i Ä‘á»ƒ thá»©c Äƒn 2 Ä‘iá»ƒm nhá» nhÆ°ng khÃ´ng Ä‘Ã¡ng ká»ƒ cÃ²n hÃ¬nh 3 há»§ nhÃ¬n chung Ä‘ep giá»¯ nhiá»‡t tá»‘t,4
 Náº¿u biáº¿t váº­y thÃ¬ Tiki khÃ´ng nÃªn quáº£ng cÃ¡o khuyáº¿n mÃ£i Ä‘á»ƒ ngÆ°á»i mua hÃ ng khá»i há»¥t háº«ng,4
"NhÆ°Æ¡c Ä‘iem: máº·t tiáº¿p xÃºc vá»›i ná»n nhÃ  nhá» vÃ  pháº³ng quÃ¡ nÃªn khÃ´ng cuá»‘n Ä‘Æ°á»£c rÃ¡c vá»¥n Ä‘i, giÃ¡ sp hÆ¡i cao",4
 Tuyá»‡t!,5
"Giao hÃ ng nhanh, sáº£n pháº©m cháº¥t lÆ°á»£ng",5
 CÃ²n láº¡i thÃ¬ má»i thá»© hoÃ n háº£o nhÆ° mÃ´ táº£,4
" Lau chá»— Æ°á»›t thÃ¬ tháº¥m nÆ°á»›c tá»‘t, mau khÃ´",5
Äá»ƒ Ä‘á»“ Äƒn tá»« sÃ¡ng tá»›i trÆ°a váº«n nÃ³ng bá»ng tay,5
"Máº«u mÃ£ Ä‘áº¹p, gá»n, nháº¹, dá»… sá»­ dá»¥ng, tiáº¿t kiá»‡m nÆ°á»›c, giÃ¡ tiá»n Ä‘i Ä‘Ã´i vá»›i cháº¥t lÆ°á»£ng ",5
Giá»¯ nhiá»‡t tá»‘t nhÆ°ng bá»™ nÃ y hÆ¡i to + cÃ¡c há»™p con báº±ng nhÃ´m  ko cÃ³ lá»›p cÃ¡ch nhiá»‡t  nÃªn cÃ³ thá»ƒ gÃ¢y bá»ng khi cho Ä‘á»“ Äƒn vÃ o,4
"Nay mÃ¬nh xÃ i rá»“i má»›i Ä‘Ã¡nh giÃ¡: há»™p cÆ¡m Ä‘áº¹p mÃ£, nhÆ°ng ko giá»¯ nhiá»‡t Ä‘Æ°á»£c, mÃ¬nh hÃ¢m cÆ¡m bá» vÃ´ há»™p lÃºc 8h thÃ¬ 12h Äƒn tháº¥y khÃ´ng cÃ²n áº¥m ná»¯a, nguá»™i rá»“i",4
 Chá»§ yáº¿u hÆ¡i nÃ³ng táº­p trung háº¿t ra vá» há»™p bÃªn trong,4
 táº¥t cáº£ xá»©ng vá»›i 5  nhÃ© cÃ¡c báº¡n,5
"Sáº£n pháº©m tá»‘t, tÃ´i hÃ i lÃ²ng",4
NhÃ¬n khÃ¡ ok,5
 mÃ¬nh Ä‘Ã£ sá»­ dá»¥ng thá»­,5
 Giá»¯ nÃ³ng tá»‘t,5
tháº­t tuyá»‡t vá»i !,5
"cáº§m cháº¯c tay, tá»‘t",5
"Sáº£n pháº©m cháº¥t lÆ°á»£ng , máº«u mÃ£ Ä‘áº¹p",5
 cháº¥t lÆ°á»£ng tá»‘t,5
Giao nhanh hÃ ng tÃ´t,5
dÃ¹ng á»•n giá»¯ nhiá»‡t lÃ¢u,5
PhÃ¢n loáº¡i sáº£n pháº©m   mÃ u xanh ,5
 HÃ i lÃ²ng vá» hÃ¬nh thá»©c Ä‘áº¹p cho 5 sao,5
Ä‘Ã³ng gÃ³i tá»‡ quÃ¡ trá»« 1 sao,4
CÃ¢y lau nhÃ  dÃ¹ng ráº¥t thÃ­ch,5
" VÃ¬ dá»‹ch nÃªn gÃ³i hÃ ng cÅ©ng Ã­t lá»›p hÆ¡n, mÃ¬nh tháº¥y hay vÃ  thá»©c thá»i",5
"CÃ¢y lau cháº¯c cháº¯n, bÃ´ng lau khÃ´ hÆ¡n cÃ¡c loáº¡i bÃ´ng lau khÃ¡c trÃªn thá»‹ trÆ°á»ng",5
 2 dÃ¢y vÃ  thÃªm 1 náº¯p dá»± phÃ²ng,5
xÃ i tá»‘t,5
"sáº£n pháº©m nhÆ° hÃ¬nh áº£nh, gá»n nháº¹, giao hÃ ng nhanh",5
Sáº£n Pháº©m cháº¥t lÆ°Æ¡ng nhÆ° mÃ´ táº£,5
"ÄÃ³ng goi cháº¯c cháº¯n, giao hÃ ng nhanh, gá»n nháº¹",5
 ,5
má»›i dÃ¹ng dc 2 ngÃ y,5
5,5
" CÃ²n cÆ¡m, canh, thá»©c Äƒn chÆ°a thá»­ nghiá»‡m",5
 DÃ¹ng ráº¥t ok,5
cháº¯c cháº¯n,5
nhá» gá»n,5
 MÃ u sáº¯c trang nhÃ£ ! ChÆ°a sá»­ dá»¥ng nÃªn chÆ°a Ä‘Ã¡nh giÃ¡ Ä‘Æ°á»£c Ä‘á»™ bá»n ! HÃ ng chÃ­nh hÃ£ng Parroti Ä‘Ã£ ráº¥t uy tÃ­n nÃªn hoÃ n toÃ n tin tÆ°á»Ÿng ! Sáº£n pháº©m Ä‘Æ°á»£c Tiki giao Ä‘Ã³ng gÃ³i ká»¹ cÃ ng,5
"ÄÃ³ng gÃ³i ráº¥t cháº¯n cháº¯n, giao hÃ ng cá»±c nhanh, quÃ¡ xá»‹n, sáº½ mua tiáº¿p tá»¥c",5
 Giá» nhoÃ¡y cÃ¡i 15â€™ xong mÃ  khoáº» dá»… sá»£ cÃ¡c bÃ¡c Æ¡i,5
 ai biáº¿t chá»‰ mÃ¬nh vá»›i nha,5
 SÄƒn sale 660k,5
 ÄÃ¢y lÃ  láº§n Ä‘áº§u mÃ¬nh review cho sáº£n pháº©m ná»™i Ä‘á»‹a,5
thÃ­ch mÃ u xanh hÆ¡n mÃ u tráº¯ng,5
Thá»±c sá»± ráº¥t tá»‘t  dÃ¹ng thÃ­ch vÃ  hiá»‡u quáº£  sáº¡ch sáº½ dá»… dÃ ng,5
good for you,5
Ä‘áº¹p láº¯m,5
san pham xai ok,5
"Bá»™ lau nhÃ  nhá» gá»n, chÆ°a lau thá»­ nÃªn k Ä‘Ã¡ng giÃ¡ dc cháº¥t lÆ°á»£ng",5
", Cháº¯c cháº¯n, KhÃ´ng pháº£i bÃ n cÃ£i",5
"ráº¥t Ä‘áº¹p, cháº¥t lÆ°á»£ng, tiki giao hÃ ng nhanh, Ä‘Ã³ng gÃ³i tá»‘t",5
 Lau nhÃ  sáº¡ch,5
ThÃ¹ng Ä‘á»±ng nÆ°á»›c cÅ©ng nhá» gá»n nÃªn xÃ¡ch nháº¹ láº¯m luÃ´n,5
GiÃ¡ nÃ y xá»©ng Ä‘Ã¡ng táº¡i bá»¯a mÃ¬nh cÃ³ Ä‘áº·t 1 bá»™ giÃ¡ 180k mÃ  á»p áº¹p láº¯m may lÃ  hoÃ n hÃ ng láº¡i dc vÃ  há»‘t ngay em nÃ y,5
giao hÃ ng nhanh sáº£n pháº©m tá»‘t má»i ng áº¡,5
"Ráº¥t tá»‘t, nÃªn mua",5
"Sáº£n pháº©m tiá»‡n dá»¥ng, lau cá»±c sáº¡ch",5
ráº¥t Ä‘áº¹p,5
" Ráº¥t áº¥n tÆ°á»£ng vá»›i sáº£n pháº©m ná»™i Ä‘á»‹a nÃ y, khÃ´ng cÃ³ gÃ¬ quÃ¡ Ä‘áº·c biá»‡t nhÆ°ng láº¡i táº¥t dá»¥ng ráº¥t tá»‘t má»i thá»© Ä‘á»ƒ sáº£n pháº©m tá»‘i Æ°u",5
"Há»™p giá»¯ nhiá»‡t tá»‘t, há»™p Ä‘á»±ng inox nÃªn bá» Ä‘á»“ Äƒn nÃ³ng cáº§n cáº©n tháº­n",5
 Ráº¥t nháº¹ vÃ  gá»n gÃ ng,5
"MÃ¬nh má»›i dÃ¹ng Ä‘Æ°á»£c 2 ngÃ y, giá»¯ nhiÃªt cÅ©ng tÆ°Æ¡ng Ä‘á»‘i tá»‘t",4
CÆ°ng xá»‰u,5
"Bá»™ lau nhÃ  ok, lau sáº¡ch láº¯m nhÃ©",4
 Giao hÃ ng lÃ¢u,4
Ráº¥t hÃ i lÃ²ng vá» sáº£n pháº©m vÃ  dá»‹ch vá»¥ giao hÃ ng,5
KhÃ¡ lÃ  to dá»¯ nhiá»‡t tá»‘t,4
 Cháº¥t lÆ°á»£ng khá»i chÃª sáº½ á»§ng há»™ shop ğŸ‘,5
chÆ°a sá»­ dá»¥ng nÃªn chÆ°a bik ra Sao,4
"giá»¯ nhiá»‡t tá»‘t, Ä‘á»ƒ tá»« sÃ¡ng Ä‘áº¿n trÆ°a váº«n áº¥m, lÃµi trong ko giá»¯ nhiá»‡t nÃªn cÃ³ thá»ƒ bá»‹ bá»ng",5
Sp ráº¥t Æ°ng Ã½ ,5
Tuy nhiÃªn cáº·p Muá»—ng NÄ©a dÃ¹ng lÃ¢u dÃ i thÃ¬ cÃ³ váº» cÃ¡i chá»‘t gáº¯n bá»‹ lá»ng dáº§n,5
"Sáº£n pháº©m oke, bá»n cháº¯c, mÃ u sáº¯c tÆ°Æ¡i sang",5
 CÃ¡n láº¯p dá»… dÃ ng,5
"Ráº¥t Ä‘áº¹p, cháº¯c cháº¯n, ráº¥t dá»… thÃ¡o láº¯p cÃ¢y   chá»‰ cáº§n váº·n vÃ o thÃ´i  muá»‘n thÃ¡o ra chá»‰ cáº§n váº·n ra, tiá»‡n dá»¥ng khi mang Ä‘i xa luÃ´n, sáº£n pháº©m gá»n, nháº¹ vÃ  dá»… lau chÃ¹i má»i ngá»‘c ngÃ¡ch trong nhÃ  vÃ  lau tráº§n nhÃ  nháº¹, dá»… dÃ ng khÃ´ng má»i tay, cáº£m Æ¡n shop vÃ¬ sp tiá»‡n lá»£i, giÃ¡ cáº£ há»£p lÃ½!!!!",5
"Lau nhÃ  sáº¡ch, cá»©ng cÃ¡p, nháº¹ nhÃ ng viá»‡c nhÃ  hÆ¡n háº³n",5
Há»™p cÆ¡m giá»¯ nhiá»‡t ráº¥t tá»‘t Ä‘á»“ Äƒn náº¥u tá»« sÃ¡ng Ä‘áº¿n trÆ°a váº«n áº¥m nÃ³ng,5
 ThÃ¹ng lau nhá» gá»n cháº¯c cháº¯n,5
 Láº¡i Ä‘Æ°á»£c free shipping nhÃ©,5
tá»‘t giá»‘ng nhÆ° hÃ¬nh,4
hÃ i lÃ²ng,5
 KhÃ´ng bjk má»™t thá»i gian sau ntn nhÆ°ng váº«n vá»Ÿ 5 sao,5
 Thank Tiki,5
hÃ ng ráº¥t OK Ä‘á»™ng gÃ³i cáº©n tháº­n,5
"Váº¯t khÃ´, váº¯t nháº¹, lau sáº¡ch, cÃ¢y lau nháº¹â€¦ nÃ³i chung xá»‹n xÃ²",5
 CÃ³ thÃªm má»™t náº¯p Ä‘áº­y Ä‘á»ƒ lÃ m gÃ¬ váº­y shop?,4
 cÃ³ Ä‘iá»u pháº£i canh lÃºc há»©ng nÆ°á»›c vÃ¬ náº¿u trÃ n nÆ°á»›c qua ngÄƒn khÃ´ thÃ¬ pháº£i Ä‘á»• háº¿t nÆ°á»›c há»©ng láº¡i tá»« Ä‘áº§u,4
 ÄÃ£ mua 2 sp cá»§a Parroti lÃ  thÃ¹ng rÃ¡c thÃ´ng minh vÃ  cÃ¢y lau nhÃ  nÃ y,5
" Má»›i dÃ¹ng thá»­ thÃ¬ cÃ¢y váº¯t khÃ´, nháº¹ nhÃ ng",5
á»•n phÃ¹ há»£p vá»›i giÃ¡ tiá»n,4
Mik chx xÃ i nhÆ°ng shop tÆ° váº¥n ráº¥t nhiá»‡t tÃ¬nh,5
HÃ ng ok,5
CÃ¢y cá»©ng cÃ¡p nhÆ°ng váº¯t CÅ©ng táº¡m thÃ´i,5
Tuyáº¿t voi khi mua em ve,5
"HÃ ng Ä‘áº¹p, ráº¥t thÃ­ch",5
"Sáº£n pháº©m Ä‘áº¹p, cÃ²n dÃ¹ng thÃ¬ thá»i giÆ°n má»›i biáº¿t Ä‘Æ°á»£c ğŸ™‚",5
"Sáº£n pháº©m nhá» xinh, cháº¯c cháº¯n :  ",5
Bá»™ há»™p cÆ¡m ráº¥t xinh,5
"Sp lau sáº¡ch tháº¥m hÃºt tá»‘t, giáº·t sáº¡ch váº¯t khÃ´",4
" Miáº¿ng lau sÃ n nhÃ  sáº¡ch, ko Ä‘á»ƒ láº¡i sá»£i",5
Sáº£n pháº©m ok dÃ¹ng tá»‘t,5
 K Ä‘Æ°a tay vÃ o Ä‘á»ƒ rá»­a thÃ¹ng Ä‘Æ°á»£c,4
 CÃ¡m Æ¡n Tiki,5
 Bá»n vÃ  tiá»‡n dá»¥ng,5
"Ä‘áº¹p, gá»n , tiá»‡n dá»¥ng",5
 MÃ u cá»§a táº¥m lau dá»… nháº­n diá»‡n bá»¥i báº©n,5
Tá»« sÃ¡ng Ä‘áº¿n trÆ°a váº«n Ä‘ang nÃ³ng bá»«ng lun,5
 Nháº¹ tay vÃ  xoay gÃ³c tá»‘t,5
 lau ráº¥t thich,5
ÄÃ£ nháº­n hÃ ng thÃ nh cÃ´ng sao chÆ°a tháº¥y thÆ°á»Ÿng astra k biáº¿t cÃ³ lá»—i gÃ¬ khÃ´ng áº¡? Hic,5
"mÃ¬nh mua cho máº¹,á»Ÿ ngoÃ i Ä‘áº¹p láº¯m ğŸ™‚ğŸ™‚ğŸ™‚ğŸ™‚",5
 Tuy nhiÃªn nsx khÃ¡ tinh táº¿ khi cÃ³ Ä‘á»ƒ thÃªm 1 náº¯p ngÄƒn trÃªn há»™p Ä‘á»±ng canh,4
" Äáº§y Ä‘á»§ há»™p, hÆ°á»›ng dáº«n sá»­ dá»¥ng, cÃ³ miáº¿ng lau thay tháº¿, Ä‘Æ°á»£c táº·ng thÃªm miáº¿ng lau",5
"Sáº¡ch, gá»n, cháº¯c cháº¯n",5
Tá»‘t nhÆ° hÃ¬nh,5
"giao hÃ ng nhanh, Ä‘Ã³ng hÃ ng cháº¯c cháº¯n, sáº£n pháº©m tá»‘t, cháº¥t liá»‡u ok",5
 ChÆ°a xá»­ dá»¥ng nÃªn kb Ä‘á»™ bÃªn nhÆ° nÃ o nhÆ°ng nháº­n hÃ ng tháº¥y khÃ¡ Æ°ng,4
 trá»i láº¡nh Ä‘áº¿n 15 16 Ä‘á»™,5
"sáº£n pháº©m ok cháº¯c cháº¯n, tá»‘t",4
"Nhá»±a cá»©ng cÃ¡p, dá»… sá»­ dá»¥ng, lau ráº¥t sáº¡ch",5
" ThÃ¡o láº¯p dá»… dÃ ng, dá»… di chuyá»ƒn",5
Giao hÃ ng Ä‘Ãºng tiÃªu chuáº©n,4
Giá»¯ nhiá»‡t tá»•t,5
Má»›i nháº­n Ä‘c hÃ ng,4
"Sáº£n pháº©m cháº¯c cháº¯n, Ä‘Ã³ng gÃ³i cáº©n tháº­n",5
"Giao hÃ nh nhanh, Sp Ä‘áº¹p, chÃ­nh hÃ£nh",5
lau sáº¡ch,5
 Ä‘Ã³ng gÃ³i cáº©n tháº­n ráº¥t ok,5
 Bá»n hay ko cÃ²n pháº£i sá»­ dá»¥ng Ä‘Ã£,5
áº£nh mang tÃ­nh cháº¥t nháº­n xu,5
 ÄÃ³ng gÃ³i kÄ© cÃ ng,5
OK,5
"NhÃ  táº¯m nhá» dÃ¹ng loáº¡i nÃ y ráº¥t phÃ¹ há»£p, Ä‘á»ƒ ráº¥t gá»n gÃ ng",5
 TÃºi giá»¯ nhiá»‡t nhiá»u ngÄƒn,5
ÄÃ³ng gÃ³i cáº©n tháº­n khÃ´ng cÃ³ mÃ©o há»™p Ä‘á»±ng hÃ ng,5
Gá»n   nháº¹   tiá»‡n lá»£i,5
 hy vá»ng sáº½ á»§ng há»™ shop tiáº¿p,5
Bá»™ lau nhÃ  Æ°ng Ã½ nháº¥t tá»« trÆ°á»›c tá»›i giá» ,5
Sieu gá»n nhá»,5
"bÃ¬nh giá»¯ nhiá»‡t tá»‘t, lÃºc nÃ o Ä‘á»“ Äƒn cÅ©ng áº¥m nÃ³ng",4
Sau hÆ¡n 10 ngÃ y dÃ¹ng thÃ¬ sáº¡c tai nghe bÃªn trÃ¡i khÃ´ng nháº­n ná»¯a,1
Hy vá»ng Tiki sáº½ nháº·t sáº¡n vÃ  cáº£i thiá»‡n váº¥n Ä‘á» tá»‘t hÆ¡n,2
"MÃ¬nh mua vá» Ä‘Æ°á»£c 1 hÃ´m, dÃ¹ng bÃ¬nh thÆ°á»ng, hÃ´m sau ngá»“i xem kÄ© láº¡i má»›i tháº¥y cÃ¡i báº£n lá» cá»§a case cÃ³ váº¥n Ä‘á», Ä‘Ã³ng vÃ o, láº¯p Ä‘áº­y case cáº£m giÃ¡c bá»‹ lá»ng lá»ng do báº£n lá», cÃ³ tiáº¿ng kÃªu káº¹t káº¹t khi cháº¡m vÃ o láº¯p case, khÃ´ng biáº¿t trÆ°á»ng há»£p nÃ y thÃ¬ cÃ³ cÃ³ váº¥n Ä‘á» gÃ¬ khÃ´ng, vÃ  cÃ³ Ä‘Æ°á»£c báº£o hÃ nh khÃ´ng, hay Ä‘Ã¢y lÃ  lá»—i chung cho táº¥t cáº£ sáº£n pháº©m, mong nháº­n Ä‘Æ°á»£c sá»± support phÃ­a Tiki",2
 Thá»±c sá»± khÃ´ng Ä‘Ã¡ng mua,1
HÃ ng k cháº¥t lÆ°á»£ng,1
Cháº¥t liá»‡u giáº¥y thÃ¬ má»m dai nhÆ°ng Ä‘Ã³ng gÃ³i lá»ng trá»ng lÆ°á»£ng nháº¹ mÃ  khá»• giáº¥y cÅ©ng nhá»,2
"BÃ¬nh thÆ°á»ng vÃ¬ khi cÃ¡c báº¡n bÃ© dÃ¹ng hÆ¡i khÃ³ váº¯t khi cho vÃ o, chiá»u xoay cá»§a cÃ¢y lau ko xoay nhÆ° quáº£ng cÃ¡o",3
Cáº§n Ä‘Æ°á»£c báº£o hÃ nh áº¡ ,1
Sáº¡c nÃ³ng mÃ¡y,3
QuÃ¡ buá»“n cáº£ nhÃ  Æ¡i,1
MÃ¬nh tháº¥y ghi cÃ³ 3 miáº¿ng Ä‘á»‡m PVA sao mÃ¬nh tháº¥y cÃ³ 1 cÃ¡i,1
cho em há»i báº£o trÃ¬ sao áº¡,1
Sáº£n pháº©m má»›i mua nhÆ°ng bá»‹ lá»—i tai nghe bÃªn pháº£i khÃ´ng vÃ o pin ko nghe Ä‘Æ°á»£c,1
" MÃ¬nh viáº¿t mail rá»“i gá»i Ä‘iá»‡n thoáº¡i liÃªn tá»¥c nhÆ°ng chá»‰ toÃ n nháº­n Ä‘c 1 cÃ¢u tráº£ lá»i chung chung, tiá»n mÃ¬nh bá» ra mua pháº£i sáº£n pháº©m bá»‹ lá»—i mÃ  yÃªu cáº§u hoÃ n tiá»n láº¡i thÃ¬ nhÆ° Ä‘i xin váº­y, tháº¥t chÃ¡n háº¿t nÃ³i  sau hÆ¡n 2 tuáº§n liÃªn tá»¥c gá»i Ä‘iá»‡n, mail há»‘i thÃºc thÃ¬ má»›i nháº­n láº¡i Ä‘Æ°á»£c tiá»n ",1
"300 tá», 3 lá»›p",1
 Kháº£ nÄƒng dÃ¢y máº§u xanh dá»… bá»‹ cháº­p chá»n hÆ¡n cÃ¡c máº§u khÃ¡c,1
HÃ´m nay tai nghe tá»± nhiÃªn tá»‹t 1 bÃªn trong khi Ä‘ang nghe trÃªn tai,1
Mua tá»« hÃ´m nay 05/03/2022 nhÆ°ng háº¡n báº£o hÃ nh Ä‘áº¿n 30/12/2022   yÃªu cáº§u ná»•i láº¡i mÃ¡y má»›i cho tÃ´i vá» Ä‘Ãºng háº¡n báº£o hÃ nh 1 nÄƒm,1
MÃ u sáº¯c khÃ´ng Ä‘Æ°á»£c lung linh nhÆ° quáº£ng cÃ¡o,3
MÃ¬nh tháº­t sá»± tháº¥t vá»ng vá» dá»‹ch vá»¥ TikiNow cá»§a Tiki,2
 HÃ ng phÃ¹ há»£p giÃ¡ tiá»n thÃ´i ,3
 KhÃ´ng hiá»ƒu sao tiki láº¡i giao sáº£n pháº©m lá»—i sÆ¡ Ä‘áº³ng nhÆ° nÃ y Ä‘áº¿n ngÆ°á»i tiÃªu dÃ¹ng,1
"bá»‹ch giáº¥y nhá» quÃ¡, táº¡m Ä‘Æ°á»£c",2
quÃ¡ tá»‡ á»• cáº¯m á»p áº¹p cáº¯m vÃ o k rÃºt ra Ä‘Æ°á»£c,1
"á»¦a sao giao hÃ ng ko cÃ³ á»‘c vÃ­t gÃ¬ háº¿t sao láº¯p, ko cÃ³ má»ng luÃ´n",3
Cháº¥t lÆ°á»£ng tá»‘t nhÆ°ng váº­n chuyá»ƒn lÃ m xÆ°á»›c báº©n cÃ¡c gÃ³c cáº¡nh vÃ  máº·t bÃ n,3
 Khi láº¯p bÃ n tháº¥y máº·t bÃ n bá»‹ bá»ƒ gÃ³c thÃ´ng bÃ¡o má»™t tuáº§n rá»“i váº«n chÆ°a tháº¥y thu há»“i hÃ ng lai,1
"MÃ¬nh mua 2 bÃ¬nh, sá»­ dá»¥ng chÆ°a Ä‘Æ°á»£c bao lÃ¢u Ä‘Ã£ trÃ³c sÆ¡n; quÃ¡ tá»‡ cho 1 sao",1
sáº£n pháº©m chÆ°a thá»±c sá»± tá»‘t,3
" Má»›i dÃ¹ng thá»‰nh thoáº£ng cáº¯m káº¿t ná»‘i mÃ¡y tÃ­nh bÃ¡o ""má»Ÿ khÃ³a iphone Ä‘á»ƒ sá»­ dá»¥ng phá»¥ kiá»‡n USB""  cÃ¡i nÃ y sáº½ tÃ¬m hiá»ƒu thÃªm ",3
 Khi cho thá»©c Äƒn nÃ³ng vÃ o thÃ¬ cáº§n cÃ³ khÄƒn lÃ³t ko bá»ng tay  báº¥t tiá»‡n ,2
" Trong khi nhá»¯ng cab khÃ¡c mua 2,3 ngÃ y Ä‘á»u Ä‘Ã£ nháº­n Ä‘c",1
 DÃ™ ÄÃƒ Cá» GÄ‚NG Rá»¬A VÃ€ PHÆ I Náº®NG BÃŒNH,2
 Ko hÃ i lÃ²ng,1
khÃ´ng okie láº¯m vÃ¬ nhá» quÃ¡,3
Thanks,2
 ngoaÌ€i,3
 Tháº¥t vá»ng trÃ n trá» ğŸ˜¥ğŸ˜¥ğŸ˜¥ğŸ˜¥ğŸ˜¥,2
"Lau sáº¡ch nhÆ°ng Ä‘áº©y khÃ³ Ä‘i, máº¥t sá»©c, khÃ´ng phÃ¹ há»£p vs nhÃ  lÃ¡t gáº¡ch men",3
KhÃ´ng biáº¿t cÃ³ váº¥n Ä‘á» gÃ¬ khÃ´ng nhÆ°ng thÃ¡y ko yÃªn tÃ¢m láº¯m ,1
"thiáº¿t káº¿ quÃ¡ kÃ©m thÃ´ng minh, láº¯p cÃ¢y lau thá»­ kÃ©o vá» phÃ­a mÃ¬nh thÃ¬ cÃ²n hÆ¡i trÆ¡n, Ä‘áº©y ra thÃ¬ rÃ­t nhÆ° phanh xe mÃ¡y luÃ´n",1
"Anw, tai nghe á»•n, giao hÃ ng nhanhy, Ä‘Ã³ng gÃ³i hÆ¡i sÆ¡ sÃ i",3
giao hÃ ng super lÃ¢u,2
"ÄÃ£ Ä‘áº·t hÃ ng, nhÆ°ng Ä‘áº¿n ngÃ y dá»± kiáº¿n giao hÃ ng nhÆ°ng Ä‘Æ¡n hÃ ng váº«n trong tÃ¬nh tráº¡ng má»›i tiáº¿p nháº­n",2
"Giáº¥y khÃ´ng Ä‘Æ°á»£c dai, tháº¥m nÆ°á»›c ráº¥t nhanh",3
 Pháº£i dÃ¹ng cá»§ 2,3
 mÃ¬nh muá»‘n mua camera káº¿t ná»‘i Ä‘á»ƒ xem tá»« xa khi khÃ´ng cÃ³ nhÃ  nhÆ°ng mÃ³n mÃ¬nh mua nhÆ° dÃ nh cho gáº¯n trong cá»­a hÃ ng vÃ  chá»‰ xem trong pháº¡m vi Ä‘Ã³,1
má»›i xÃ i chÆ°a dc 1 ngÃ y lÃ  hÆ°,1
 Má»›i Ä‘á»±ng láº§n Ä‘áº§u Ä‘Ã£ nhÆ° váº­y rá»“i áº¡,1
Cháº£ hiá»ƒu sáº¡c cáº£ Ä‘Ãªm hÆ¡n mÃ  váº«n khÃ´ng Ä‘áº§y,3
 Sáº£n pháº©m náº¿u cÃ³ lá»›p chÃ¢n khÃ´ng cÃ¡ch nhiá»‡t cho há»™p hoáº·c phá»§ thÃªm lá»›p nhá»±a thÃ¬ sáº½ tá»‘t hÆ¡n ráº¥t nhiá»u!,3
Má»›i mua vá» má»Ÿ bá»c ra thÃ¬ bá»‹ rá»‰ sÃ©t,1
"Tiki lá»«a Ä‘áº£o, má»i ngÆ°á»i Ä‘á»«ng mua",1
" Xong giá» dÃ¹ng láº§n thá»© ba thÃ¬ bá»‹ ngháº¹t cÃ¢y váº¯t, áº¥n push rá»“i nhÆ°ng nÃ³ bá»‹ ngháº¹t ko Ä‘i qua Ä‘á»ƒ váº¯t nÆ°á»›c Ä‘Æ°á»£c luÃ´n, pháº£i dÃ¹ng láº¡i cÃ¢y lau nhÃ  máº¥y chá»¥c nghÃ¬n vÃ  tháº¥y cÃ²n á»•n hÆ¡n",1
"HÃ ng chÃ­nh hÃ£ng, thÃ¹ng cháº¯c cháº¯n",3
"MÃºt bá»‹ lá»™t keo khá»i táº¥m nhá»±a nÃªn dÃ¹ láº¯p táº¥m nhá»±a vÃ o cÃ¢y lau khá»›p nhÆ°ng cá»¥c mÃºt váº«n bong trÃ³c ra má»™t cÃ¡ch dá»… dÃ ng, pháº£i gia cá»‘ láº¡i báº±ng cÃ¡c loáº¡i keo dÃ¡n má»›i sá»­ dá»¥ng Ä‘Æ°á»£c, khÃ¡ tháº¥t vá»ng chá»— nÃ y",2
"camera dÃ¹ng Ä‘Æ°á»£c vÃ i thÃ¡ng bá»‹ Ä‘Æ¡, táº¯t báº­t cáº£ chá»¥c láº§n khÃ´ng lÃªn",1
" Äá» nghá»‹ tiki xem láº¡i Ä‘á»«ng há»£p tÃ¡c vá»›i cÃ¡i Ä‘Æ¡n vá»‹ váº­n chuyá»ƒn nÃ y, bÃªn tiki cÅ©ng ko cÃ³ hÆ°á»›ng giáº£i quyáº¿t cho khÃ¡ch, gá»i lÃªn tá»•ng Ä‘Ã i tá»‘n biáº¿t bao tiá»n mÃ  chá»‰ cÃ³ 1 cÃ¢u kÃªu Ä‘á»£i, Ä‘á»£i gáº§n cáº£ thÃ¡ng !",2
Sáº£n pháº©m giao lá»—i,1
09,3
DÃ¹ng Ä‘Æ°á»£c vÃ i láº§n thÃ¬ hÆ° náº¯p Ä‘áº­y rá»“i,1
ÄÄƒng bÃ¡n hÃ ng VN nhÆ°ng khi giao láº¡i lÃ  china,1
 GiÃ¡ tá»‘t so vá»›i siÃªu thá»‹,3
"Má»Ÿ thÃ¹ng hÃ ng nhÃ¬n máº¥t cáº£m tÃ¬nh, nhÆ° hÃ ng tá»“n kho lÃ¢u nÄƒm?â˜¹ï¸",2
k hÃ y lÃ²ng,2
á»” cáº¯m chá»‰ dÃ¹ng chÆ°a Ä‘Æ°á»£c 1 thÃ¡ng thÃ¬ Ä‘Ã£ lá»ng phÃ­t cáº¯m,1
"Ko nhÆ° mong Ä‘á»£i,giÃ¡y quÃ¡ nhá»",3
"tai nghe chá»‰ nghe Ä‘Æ°á»£c 1 bÃªn vÃ¬ 1 bÃªn khÃ´ng hiá»ƒn thá»‹ bin sáº¡c cÃ³ thá»ƒ bá»‹ hÆ°, mÃ¬nh Ä‘Ã£ nháº¯n tin shop khÃ´ng tráº£ lá»i ",1
"loa bá»‹ rÃ¨, mÃ¬nh muá»‘n Ä‘á»•i sáº£n pháº©m",1
Cháº¥t lÆ°á»£ng khÃ´ng Ä‘Ãºng nhÆ° quáº£ng cÃ¡o,1
bt chgcjdvnxvhvhgcyhvfrhcrgcrr,3
"KhÃ´ng xÃ i dc, má»›i mua mÃ  chÃ¡n",1
khÃ´ng hiá»ƒu kiá»ƒu gÃ¬ mua dÃ¹ng vÃ i bá»¯a sáº¡c pin thÃ¬ tháº¿ nÃ y Ä‘Ã¢y,1
 sp nhÆ° mÃ´ táº£,3
 bÃªn trong ko lÃ³t gÃ¬,1
 Sau Ä‘Ã³ im láº·ng! ChÆ°a bao giá» tháº¥t vá»ng vá» thÃ¡i Ä‘á»™ lÃ m viá»‡c nhÆ° tháº¿,2
"Giao hÃ ng nhanh, hÃ ng Ä‘áº¹p, tuy nhiÃªn khÃ´ng Ä‘Ãºng mÃ u",3
,1
há»™p ghi hÃ ng dá»… vá»¡ mÃ  giao nÃ¡t tan lun ,3
 CÃ¡c báº¡n ná»¯ váº«n cÃ³ thá»ƒ tá»± láº¯p Ä‘Æ°á»£c nhÆ°ng cáº§n 2 ngÆ°á»i vÃ¬ bÃ n cÅ©ng khÃ¡ náº·ng,3
Chuan cháº¥t lÆ°á»£ng cmt sau,3
"ráº¤T LÃ€ Tá»† , KO LAU ÄÆ¯á»¢C GÃŒ , AI Cáº¦N MÃŒNH CHO Láº I",1
" hÃ ng cá»“ng ká»nh, m ko nháº­n á»Ÿ cty Ä‘Æ°á»£c",1
 KhÃ¡c loáº¡i thÃ¹ng vuÃ´ng vuÃ´ng mÃ¬nh váº«n dÃ¹ng,2
 theo cáº£m nháº­n lÃ  nÃªn cÃ³ Ä‘á»“ che Ä‘inh hoáº·c thiáº¿t káº¿ sao cho Ä‘inh ko bá»‹ lá»“i lÃªn thÃ¬ sáº½ Ä‘áº¹p hÆ¡n,2
 Má»i ngÆ°á»i nÃªn Ä‘á»ƒ Ã½,1
"Sáº£n pháº©m bá»‹ lá»—i, vá»¡ vÃ nh",3
 TÃ³m láº¡i vá»›i giÃ¡ tiá»n Ä‘Ã³ thÃ¬ cháº¥t lÆ°á»£ng cháº¥p nháº­n Ä‘Æ°á»£c,3
Sp ko xoay Ä‘Æ°á»£c,3
Má»›i xÃ i dc máº¥y ngÃ y bong máº¥t tiÃªu,1
mua vá» check báº£o hÃ nh thÃ¬ bÃ¡o nhÆ° nÃ y lÃ  sao áº¡,1
DÃ¹ng Ä‘Ãºng 1 nÄƒm lÃ  hÆ° má»™t bÃªn tai,1
 VaÌ€ khÃ´ng biÃªÌt khi naÌ€o mÆ¡Ìi nhÃ¢Ì£n Ä‘Æ°Æ¡Ì£c haÌ€ng Ä‘Ã´Ì‰i traÌ‰,2
nhanh hÆ¡n Ä‘i,2
Há»ng 1 tai nghe,1
"Giao hÃ ng nhanh, Ä‘Ã³ng gÃ³i cáº©n tháº­n nhÆ°ng ",2
Æ¯u Ä‘iá»ƒm giao hÃ ng nhanh,3
 Super tháº¥t vá»ng vá» dá»‹ch vá»¥ cá»§a Tiki láº§n nÃ y,1
 Gá»i Ä‘iá»‡n láº¡i cho Tiki thÃ¬ há»©a giáº£i quyáº¿t nhÆ°ng qua 2 ngÃ y trá»i ko tháº¥y hÃ nh Ä‘á»™ng xá»­ lÃ½ gÃ¬???,1
"BÃ¬nh giá»¯ nhiá»‡t kÃ©m, mÃ¬nh cho nÆ°á»›c nÃ³ng vÃ o mag vá» bÃ¬nh nÃ³ng ran",1
 cam ráº¥t cháº¥t lÆ°á»£ng nhÆ°ng Ä‘Ã nh cho 1  cho dá»‹ch vá»¥ cá»§a tiki,1
"Äá»ƒu, dÃ¹ng á»p áº¹p, mau há»ng",1
 TÃ³m láº¡i hÃ ng ODM cháº¥t lÆ°á»£ng ko tá»‘t,1
 GiÃ¡ cáº£ cÅ©ng táº¡m á»•n,3
KhÃ´ng sá»­ dá»¥ng dc áº¡,1
vá»«a má»›i mua vá» dÃ¹ng Ä‘ang phÃª thÃ¬ ko hiá»ƒu sao cÃ¡i ráº¯c usb dÃ¹ng Ä‘c Ä‘Ãºng hÃ´m xong há»ng,1
"  máº¥y thanh cháº¯n giÃ¡ sÃ¡ch hÆ¡i ngáº¯n , Ä‘á»ƒ Ä‘á»“ bt dá»… rÆ¡i",3
Cong tháº¿ nÃ y mÃ  cÅ©ng gá»­i cho khÃ¡ch,1
"Dá»‹ch nÃ y giao cháº­m quÃ¡, pháº£i Ä‘áº¿n chá»‘t phong tá»a nháº­n hÃ ng",3
MÃ¬nh nháº­n mÃ  khÃ´ng cÃ³ ly quÃ  táº·ng Ä‘i kÃ¨m,1
"KhÃ¡ hÃ i lÃ²ng, máº«u mÃ£ Ä‘áº¹p !",2
 TÃ´i mong Tiki cáº§n pháº£i thay Ä‘á»•i ngay cÃ¡ch hoáº¡t Ä‘á»™ng cá»§a mÃ¬nh!,1
"MÃ¬nh láº§n Ä‘áº§u mua hÃ ng Ä‘iá»‡n thoai qua Tiki, mua sáº£n pháº£m Ip11 128gb vá» xÃ i vÃ i ngÃ y thÃ¬ liÃªn tá»¥c bá»‹ lá»—i  nÃ³i Ä‘áº§u dÃ¢y bÃªn kia khÃ´ng nghe ",1
HÃ ng VNA chÃ­nh hÃ£ng ,3
"há»£p giÃ¡ tiá»n, ráº» cÃ²n Ä‘á»™ bá»n chx bik áº¡",2
Äá»•i tráº£ máº¥t thá»i gian nÃªn thÃ´i xÃ i luÃ´n ,1
 váº¯t cÃ²n nhiá»u nÆ°á»›c,3
 Tai nghe cÅ©ng k dÃ¹ng nhiá»u vÃ¬ mÃ¬nh dÃ¹ng tai Bluetooth ná»¯a,1
"hÆ°Æ¡Ìng dÃ¢Ìƒn trong thuÌ€ng khoÌ lÄƒÌp, phaÌ‰i goÌ£i Ä‘iÃªÌ£n cho cÃ´ng ty Ä‘ÃªÌ‰ hÆ°Æ¡Ìng dÃ¢Ìƒn chi tiÃªÌt",3
"BÃ¬nh Ä‘áº¹p, giao hÃ ng nhanh",3
 Sáº½ kg mua láº¡i,2
ThÃ´i mua láº§n nÃ y thÃ´i xin tiá»…n áº¡!!! cÃ²n thÃ¹ng giáº¥y thÃ¬ rÃ¡ch rÆ°á»›i tÃ¹m lum bÄƒng keo gÃ¬ bung háº¿t cÃ¡i thÃ¹ng Ä‘Ã³ cho cháº¯c cÅ©ng kh ai dÃ¡m láº¥y ,2
1 sá»‘ lá»— á»‘c bá»‹ lá»‡ch,2
 Mua vá» lau ko Ä‘c mÃ  thÃ¡o cÅ©ng ko xong,1
 MÃ¬nh rate 1 sao vÃ¬ cÃ¡i nÃ y,1
sáº£n pháº©m cá»±c kÃ¬ tá»‡ so vá»›i giÃ¡ tiá»n,1
trong quáº£ng cÃ¡o ghi lÃ  cÃ³ kÃ¨m thao tháº» nhá»›,1
 nhÆ°ng giao hÃ ng quÃ¡ lÃ¢u nÃªn chá»‰ Ä‘Ã¡nh giÃ¡ 3 sao,3
" KhÃ´ng biáº¿t má»i ngÆ°á»i láº¯p xong bÃ n cÃ³ cháº¯c cháº¯n khÃ´ng chá»© bÃ n cá»§a mÃ¬nh nÃ³ hÆ¡i mong manh, má»—i láº§n mÃ¬nh Ä‘á»¥ng Ä‘á»¥ng lÃ  nÃ³ cá»© siÃªu quáº¹o, lung lay nhÆ° muá»‘n rá»›t ra",3
KhÃ³ dÃ¹ng,3
"SÆ¡n dá»… bong trÃ³c, mÃ¹a hÆ¡i tÆ°Æ¡i",3
" MÃ¬nh dÃ¹ng kiá»m Ä‘áº©y cho nÃ³ sÃ¡t vÃ o thÃ¬ vá»£t tá»‘t, nhÆ°ng má»›i mua vá» mÃ  tháº¥y nÃ³ Ä‘á»©t cá»±c kÃ¬ khÃ³ chá»‹u luÃ´n áº¥y",3
pin sáº¡c nhanh háº¿t pin,2
"Sáº£n pháº©m gá»n nháº¹, dá»… thÃ¡o láº¯p, phÃ¹ há»£p khÃ´ng gian nhá»",3
"shipper cá»§a Tiki, khi Ä‘áº¿n thÃ¬ gá»i ngÆ°á»i nhÃ  ra, ngÆ°á»i nhÃ  Ä‘ang Ä‘i ra thÃ¬ quÄƒng há»™p cÃ¡i Ä‘Ã¹ng trÆ°á»›c cá»•ng, rá»“i Ä‘i",3
 HÃ ng ko bh,3
"Giá»¯ nhiá»‡t tá»‘t, nhÆ°ng khi cho Ä‘á»“ nÃ³ng vÃ o khay thá»±c sá»± cáº§m nÃ³ng quÃ¡",3
Tá» hÆ°á»›ng dáº«n shop Ä‘á»ƒ vÃ o cho cÃ³ thÃ´i chá»© khÃ´ng tháº¥y cÃ³ tÃ¡c dá»¥ng nhiá»u,3
"má»›i mua dc 2 ngÃ y loa bá»‹ rÃ¨, giá» sao Ä‘á»ƒ báº£o hÃ nh Ä‘Ã¢y : ",2
Nghe Ä‘Æ°á»£c máº¥y phÃºt thÃ¬ rÃ¨ vÃ  khÃ´ng cÃ³ tÃ­n hiá»‡u rÃµ,1
 MÃ¬nh sá»­a Ä‘Ã¡nh giÃ¡ sau khi cÃ³ káº¿t quáº£ nhÃ©,3
KhÃ´ng giá»‘ng nhÆ° mong Ä‘á»£i!!!!!,1
Mua Ä‘Ã£ Ä‘Æ°á»£c 1 thÃ¡ng nhÆ°ng hÃ´m nay má»›i thá»­,2
"á»• gia cÃ´ng cháº¥t lÆ°á»£ng vÃ´ cÃ¹ng tháº¥p, cáº¯m rá»“i lÃ  khÃ´ng rÃºt ra Ä‘Æ°á»£c, ráº¥t máº¥t thá»i gian",1
KhÃ´ng hiá»ƒu sao giao cho mÃ¬nh má»™t sáº£n pháº©m cÅ© vÃ  báº©n nhÆ° tháº¿ nÃ y,1
Mua ngÃ y 13/5 mÃ  khÃ´ng Ä‘Æ°á»£c táº·ng bÃ¬nh nÆ°á»›c shop kiá»ƒm tra giao bá»• sung giÃºp mÃ¬nh nha,3
CÃ³ máº¥y chá»¥c ngÃ n nÃªn cháº¯c ko cÃ³ báº£o hÃ nh nhá»‰ ?,1
 TrÆ°á»›c mÃ¬nh cÅ©ng mua 1 dÃ¢y xanh nhÆ° nÃ y vÃ  cÅ©ng bá»‹ hiá»‡n tÆ°á»£ng tÆ°Æ¡ng tá»±,1
Äá»±ng khoáº£ng 20 50 mL nÆ°á»›c hÆ¡i nÃ³ng thÃ¬ áº¥m ngoÃ i bÃ¬nh,1
"tiki giao hÃ ng gÃ¬ mÃ  Ä‘Ã£ dÃ¡n hÃ ng dá»… vá»¡ rá»“i, mÃ  cÃ¡i há»™p ko cÃ²n tá»« nÃ o Ä‘á»ƒ nÃ³i luÃ´n",1
Giao hÃ ng ráº¥t lÃ¢u tá»« ngÃ y 6/10 Ä‘áº¿n 29/10 má»›i nháº­n Ä‘Æ°á»£c,3
 Tháº¥t vá»ng !,1
 Muá»‘n Ä‘á»•i sp áº¡,2
"Máº·t bÃ n bá»‹ tráº§y sÆ°á»›c, pháº§n vÃ­t khoÃ¡ ko cháº¯c cháº¯n lÃ m chÃ¢n bÃ n láº¯c lÆ° ko vá»¯ng dÃ¹ Ä‘Ã£ thá»­ gáº¯n láº¡i nhiá»u láº§n",3
"Sáº£n pháº©m bá»‹ lá»—i Ä‘áº§u mÃºt nhÃ© shop, Ä‘áº§u to Ä‘áº§u nhá», Ä‘áº§u to cÃ²n Ä‘Ã n há»“i, Ä‘áº§u nhá» bá»‹ chai cá»©ng giá»‘ng bá»‹ oxy hoÃ¡ váº­y",2
nhá» shop há»— trá»£ báº£o hÃ nh sáº£n pháº©m bá»‹ lá»—i,2
náº¯p Ä‘áº­y bá»‹ nÃ³ng lÃªn khi giá»¯ nÃ³ng,1
 Vá»›i má»©c giÃ¡ nÃ y thÃ¬ sáº£n pháº©m quÃ¡ tá»‡,1
Äien thoáº¡i má»›i nhÆ°ng ráº¥t mau háº¿t pin,1
 Sau Ä‘Ã³ 2h sá»­ dá»¥ng chá»‰ nghe Ä‘Æ°á»£c 1 bÃªn,1
mua láº§n 2 rá»“i,2
Sáº£n pháº©m lá»—i cong vÃªnh khÃ´ng thá»ƒ láº¯p Ä‘áº·t Ä‘á»ƒ sá»­ dá»¥ng,1
" 1 cÃ¡i Ä‘áº·t trÆ°á»›c, 2 cÃ¡i Ä‘áº·t sau",1
mua hÃ ng ngÃ y 15,3
2 tai nghe nÃ³ KHÃ”NG Káº¾T Ná»I Vá»šI NHAU,1
 BÃ n nÃ y muá»‘n di chuyá»ƒn cháº¯c khÃ³ láº¯m,3
Sáº£n pháº©m nhÆ° váº­y lÃ m sao dÃ¹ng,1
tai nghe káº¿t ná»‘i kÃ©m tiáº¿ng nhá»,1
"Khoan thÃ¬ sai tá»«a lÆ°a, máº·t bÃ n thÃ¬ tráº§y háº¿t chá»— nÃ³i",1
" Shipper cÅ©ng thÃ¢n thiá»‡n hÆ¡n so vá»›i cÃ¡c Ä‘Æ¡n trÆ°á»›c, cháº¯c vÃ¬ Ä‘Æ¡n nÃ y Ä‘áº¯t tiá»n",3
"lau pháº­p phá»nh, chÃ¡n",1
" MÃ¬nh ráº¥t khÃ´ng hÃ i lÃ²ng vá» cÃ¡ch lÃ m viá»‡c cá»§a nhÃ¢n viÃªn Tiki, hÆ°a tá»›i há»©a lui khÃ´ng rÃµ rÃ ng vÃ  khÃ´ng giá»¯ Ä‘Ãºng lá»i há»©a vá»›i khÃ¡ch hÃ ng",1
 ÄÃ£ ib cho shop,1
cháº¥t lÆ°á»£ng thÃ¬ ok,3
Miáº¿ng Ä‘á»‡m PVA cá»§a mÃ¬nh bá»‹ lá»—i cong vÃªnh nÃªn ko láº¯p rÃ¡p Ä‘Æ°á»£c,3
NhÃ¢n viÃªn kho cáº§n chÃº Ã½ hÆ¡n vá» viá»‡c láº¥y hÃ nh,1
hÃ ng tá»‘t dÃ¹ng ráº¥t ok ,1
" Nghá» nÃ o cÅ©ng váº¥t váº£, nhÆ°ng khi Ä‘Ã£ lá»±a chá»n thÃ¬ pháº£i cháº¥p nháº­n, kiá»ƒu giao tiáº¿p nhÆ° khÃ¡ch hÃ ng Ä‘ang máº¯c ná»£ áº£nh váº­y",3
MÃ¬nh mua hÃ ng á»Ÿ Tiki ráº¥t nhiá»u láº§n nhÆ°ng láº§n nÃ y tiki lÃ m mÃ¬nh tháº¥t vá»ng ,2
khoai tháº­t sá»±,1
sáº¡c váº¥n vÃ o tá»›i luc Ä‘ua ra khá»i náº¯p thÃ¬ má»Ÿ láº¡i k len,1
"giáº¥y Äƒn gáº¥u trÃºc bÃ¬nh thÆ°á»ng, má»ng",3
"Minh Ä‘áº·t hai bá»™ nhÆ°ng má»™t bá»™ giao khÃ´ng Ä‘áº§y Ä‘á»§ chá»‰ nháº­n cÃ³ 1 miáº¿ng giáº» lau, thiáº¿u hai miáº¿ng giáº» lau, nhá» bÃªn mÃ¬nh xem láº¡i giÃºp áº¡",3
Sáº¡c khÃ´ng vÃ o tai nghe khÃ³ káº¿t ná»‘i vs Ä‘iá»‡n thoáº¡i,1
ChÃª nhiá»u rá»“i,2
"Thiáº¿t káº¿ ok, cháº¥t lÆ°á»£ng bÃ¬nh thÆ°á»ng, dá»… xÆ°á»›c",3
 ÄÃ¨n váº«n sÃ¡ng nhÆ°ng ko báº¯t Ä‘Æ°á»£c muá»—i,1
Binh dep nhung khong ngo no hoi to,3
"Váº¥n Ä‘á» tiki giam tiá»n cá»§a mÃ¬nh cáº£ thÃ¡ng, ko tháº¥y hÃ ng cÅ©ng ko tráº£ tiá»n dÃ¹ pháº£n áº£nh nhiá»u láº§n",1
 NhÆ°ng cÃ³ má»™t chi tiáº¿t lÃ  dÃ¢y sáº¡c cho dock sáº¡c khÃ´ng sá»­ dá»¥ng Ä‘Æ°á»£c,3
  KÃ¨m vÃ o Ä‘Ã³ lÃ  Ã´ng anh Shipper ráº¥t vÃ´ duyÃªn,1
 MÃ¬nh Ä‘Ã£ thá»­ tá»« cáº¯m vÃ o ngÃµ USB trÃªn mÃ¡y tÃ­nh hay sá»­ dá»¥ng cá»§ sáº¡c rá»i cÅ©ng Ä‘á»u khÃ´ng Ä‘Æ°á»£c háº¿t,3
" Äá» nghá»‹ ship bÃ¹ thÃ¬a, dÄ©a",1
Oki nhÃ©,3
"hÆ°á»›ng dáº«n theo giáº¥y chá»‰ dáº«n ráº¥t khÃ³ khÄƒn, thÃ¡o gá»¡ ra 2 láº§n má»›i lÃ m Ä‘Æ°á»£c, hÃªn coi thÃªm youtube má»›i hoÃ n thÃ nh Ä‘c pháº§n ghÃ©p máº·t bÃ n vÃ o ká»‡ ",3
 CÃ¡c báº¡n cÃ³ chÃ­nh sÃ¡ch gÃ¬ cho trÆ°á»ng há»£p nÃ y khÃ´ng váº­y?,1
"HÃ¬nh thÃ¬ sáº¯c nÃ©t, nhÆ°ng Ã¢m thanh quÃ¡ nhá», Ä‘á»™ xoay tháº¥p, giÃ¡ cÅ©ng cao hÆ¡n cÃ¡c loáº¡i khÃ¡c mÃ  cÃ²n khÃ´ng há»— trá»£ tháº» nhá»› ná»¯a",3
tÃ´i Ä‘áº·t mÃ u báº¡c nhÆ°ng giao mÃ u Ä‘en??,1
 BÃ¡o cÃ¡o vá»›i Tiki Ä‘á»ƒ Ä‘á»•i tráº£ báº£o hÃ nh nhÆ°ng nháº­n Ä‘Æ°á»£c cÃ¡ch xá»­ lÃ½ khÃ´ng thá»ƒ tá»“i tá»‡ hÆ¡n,1
Má»›i dÃ¹ng chÆ°a Ä‘áº¿n 1 ngÃ y sao dÃ¢y dá»£ tháº¿ nÃ y shop? BÃ¢y giá» lÃ m sao?,3
 NhÆ° cÃ¡c báº¡n báº£o giáº¥y hÆ°á»›ng dáº«n ráº¥t sÆ¡ sÃ i pháº£i xem video hÆ°á»›ng dáº«n trÃªn YouTube má»›i lÃ m Ä‘Æ°á»£c,3
"Dá»«ng 2 ngÃ y hÆ° luÃ´n, khÃ´ng xÃ i Ä‘Æ°á»£c",2
 Shop ko kiá»ƒm tra hÃ ng trÆ°á»›c khi gá»­i sao?,1
"HÃ ng lá»—i, khÃ´ng Ä‘Æ°á»£c há»— trá»£",1
SÃ¡ng mua chiá»u sá»­ dá»¥ng thÃ¬ Ä‘á»©t dÃ¢y,2
 NhÆ°ng Tiki pháº£n há»“i nhÆ° khÃ´ng,2
"Giáº¥y nhá» k lá»›n, áº£nh chá»¥p nhÃ¬n lá»›n hÆ¡n nhÆ°ng cháº¥p nháº­n trong táº§m giÃ¡",3
Vui lÃ²ng nháº­n láº¡i hÃ ng vÃ¬ khÃ´ng Ä‘Ãºng nhÆ° Ä‘Ã£ ghi ,1
Shop gá»­i nháº§m táº¥m  tráº¯ng Ä‘á»ƒ láº¯p ngÄƒn á»Ÿ chÃ¢n bÃ n rá»“i ,1
 Tháº­t tháº¥t vá»ng vá»›i dá»‹ch vá»¥ cá»§a tiki,1
cáº£ há»™p cÃ¡c tÃ´ng tiki vÃ  há»™p Ä‘á»±ng sp Ä‘á»u ko cÃ³ gÃ¬ chá»‘ng sá»‘c nÃªn náº¯p bÃ¬nh cá»§a mÃ¬nh bá»‹ 1 váº¿t mÃ³p,2
 QuÃ¡ tháº¥t vá»ng vÃ  sáº½ khÃ´ng bao giá» mua hÃ ng ná»¯a,1
" LiÃªn há»‡ Tiki Ä‘á»ƒ Ä‘á»•i tráº£, mÃ  nhÆ° cá»±c hÃ¬nh",1
Sáº£n pháº©m dÃ¹ng Ä‘Æ°á»£c má»™t thÃ¡ng pin Ä‘Ã£ trai khÃ´ng dÃ¹ng Ä‘Æ°á»£c,1
 Chui cáº¯m sáº¡c nhÆ° hÃ¬nh cá»§a mÃ¬nh k nÃªn cáº¯m vÃ¬ cáº¯m sáº» bá»‹ dÃ­nh luÃ´n vÃ  pháº£i thÃ¡o á»‘c ra má»›i láº¥y Ä‘c,1
k biáº¿t táº¡i sao á»‘c cam láº¡i quÃ¡ nhá» so vá»›i lá»— báº¯t vá»‹t váº­y a,3
"Tai nghe chá»‰ nghe Ä‘Æ°á»£c má»™t bÃªn trÃ¡i hoáº·c pháº£i,khÃ´ng thá»ƒ nghe cÃ¹ng lÃºc",3
"2, nhÆ°ng sá»­ dá»¥ng cháº¯c chá»‰ táº§m 4 5 láº§n",1
 Mn nÃªn cÃ¢n nháº¯c khi mua,3
"giao hÃ ng nhanh, Ä‘Ã³ng gÃ³i cáº©n tháº­n, chÆ°a thá»­ Ä‘á»™ giá»¯ nhiá»‡t nÃªn chÆ°a biáº¿t sao",3
Reset thÃ¬ bá»‹ lá»—i giá»¯ 15s thÃ¬ Ä‘Ã¨n tÃ­n hiá»‡u chá»‰ chuyá»ƒn qua mÃ u tráº¯ng mÃ  khÃ´ng nháº¥p nhÃ¡y,1
"Shop bÃ¡n hÃ ng khÃ´ng uy tÃ­n, x2 táº¥m lau sÃ n, nhÆ°ng nháº­n hÃ ng chá»‰ cÃ³ x1",1
"mÃ¬nh Ä‘Ã£ nháº­n Ä‘Æ°á»£c hÃ ng, nhÆ°ng shop giao thiáº¿u bá»™ thÃ¬a dÄ©a",2
"Miáº¿ng lau quÃ¡ nhá», pháº£i xáº£ liÃªn tá»¥c, lau khÃ´ng sáº¡ch",1
"Æ¯u: Káº¿t ná»‘i nhanh, chuyá»ƒn Ä‘á»•i thiáº¿t bá»‹ nhanh, dÃ¹ng Ä‘Æ°á»£c cho táº¥t cáº£ cÃ¡c thiáº¿t bá»‹ cÃ³ bluetooth, hey siri khÃ´ng cáº§n cháº¡m, sáº¡c nhanh Ä‘áº§y, 15 20p lÃ  nghe Ä‘Æ°á»£c ~ 3 tiáº¿ng ",3
"Ban Ä‘áº§u sá»­ dá»¥ng á»•n nhÆ°ng khoáº£ng 2 tuáº§n sau thÃ¬ chá»‰ cÃ³ thá»ƒ active tai trÃ¡i, tai pháº£i khÃ´ng cÃ²n phÃ¡t Ã¢m thanh máº·c dÃ¹ bÃ¡o Ä‘Ã£ connect",3
" ChÃ¡n, khÃ´ng biáº¿t gá»i Ä‘Ã¢u Ä‘á»ƒ Ä‘á»•i",1
" CÃ³ thá»ƒ dÃ¹ng tay áº¥n vÃ  tiáº¿ng ""ká»‹t ká»‹t"" to",1
TÃ´i muá»‘n Ä‘á»•i hÃ ng,2
2022,3
shipper khÃ´ng giao hÃ ng mÃ  bÃ¡o Ä‘Ã£ giao,1
pin saÌ£c vao Ä‘t rÃ¢Ìt chÃ¢Ì£m,3
 nhÆ°ng giao máº«u bÃ¬nh bá»‹ má»‘p,3
Sáº£n pháº©m Ä‘Æ¡ khÃ´ng mÆ°á»£t,1
BÃ n láº¯p khÃ³,1
 Táº£i app xong Ä‘á»ƒ mÃ n hÃ¬nh nhÆ° váº­y,1
"Shop giao nháº§m táº¥m trÃªn cÃ¹ng, nhá» shop há»— trá»£ Ä‘á»•i áº¡",3
Lá»—i loa trong khi Ä‘Ã m thoáº¡i?  ,2
tÆ°Æ¡Ì‰ng dc theÌ‰ nhá»› nhÆ° hÃ¬nh ai deÌ€k cÃ³,3
Há»— trá»£ Ä‘á»•i tráº£ hÃ ng cháº­m ,1
 Tháº¥t vá»ng : ,1
 GiÃ¡ mÃ¬nh mua lÃ  689k Ä‘Ã£ gá»“m phá»¥ phÃ­,3
"tai nghe thi thoáº£ng bá»‹ máº¥t tiáº¿ng, khÃ´ng biáº¿t cÃ³ Ä‘Æ°á»£c Ä‘á»•i tráº£ ko shop",3
 lÆ°á»i lÃ m thá»§ tá»¥c Ä‘á»•i nÃªn thui,2
LÆ°á»›t tiktok hay bá»‹ out ra ngoÃ i,3
inox bÃªn ngoÃ i thÃ¬ ko tá»‘t nhÆ° mÃ¬nh nghÄ©,2
 Äá»ƒ thá»©c Äƒn nÃ³ng vÃ o há»™p lÃ  xÃ¡c Ä‘á»‹nh bá»ng tay vÃ¬ inox dáº«n nhiá»‡t ráº¥t nhanh,3
"ÄÃ£ Ä‘áº·t hÃ ng ráº¥t nhiá»u láº§n trÃªn tiki tuy nhiÃªn láº§n nÃ y ráº¥t tháº¥t vong, mÃ¬nh Ä‘áº·t mua há»™p cÆ¡m giá»¯ nhiá»‡t ngÃ y chá»§ nháº­t 26",1
cháº­p chá»n rÃ¡c khÃ³ chá»‹u,1
 BÃ¬nh thÃ¬ bá»‹ tráº§y 1 Ä‘Æ°á»ng á»Ÿ gáº§n miá»‡ng,3
 Äá» nghá»‹ Ä‘á»•i láº¡i cho mÃ¬nh,1
mÃ  Ä‘Ã£ bÃ¡o giao thanh cÃ´ng,3
"Há»™p Ä‘Ã£ bá»‹ khui seal rá»“i Ä‘Ã³ng láº¡i, cÃ²n cáº£ miáº¿ng bÄƒng keo thÃ¡o ra sÃ³t láº¡i trong há»™p bÃªn dÆ°á»›i mÃ¡y, mÃ¡y tráº§y, cáº¥n",1
ko nÃªn mua,1
 YÃªu cáº§u cÃ³ hÆ°á»›ng giáº£i quyáº¿t cá»¥ thá»ƒ,1
"Giao sáº£n pháº©m khÃ´ng giao á»‘c vÃ­t, giá» khÃ´ng biáº¿t nÃªn láº¯p Ä‘áº·t cÃ¡ch nÃ o?",2
náº¯p hÆ¡i kÃªnh nÃº bÃªn trong khÃ³ bá» ra vÃ o,2
QuÃ¡ buá»“n,1
"Máº«u mÃ£ thÃ¬ nhÆ° hÃ¬nh, nhÆ°ng Ä‘á»“ Äƒn Ä‘á»ƒ tá»« sÃ¡ng Ä‘áº¿n trÆ°a nguá»™i tanh, mÃ  cá»“ng ká»nh lá»›p trong lá»›p ngoÃ i",1
 Coi saÌ€n phÃ¢Ì‰m Ä‘aÌ£t ChÃ¢Ì‰n ,3
"MÃ¬nh Ä‘ang ráº¥t tháº¯c máº¯c vá» cá»‘c sáº¡c, Ä‘Ã£ lÃ m theo hÆ°á»›ng dáº«n sáº¡c 24h nhÆ°ng cháº¿ Ä‘á»™ hiá»ƒn thá»‹ chá»‰ 80%, shop cho há»i váº­y cá»‘c sáº¡c nÃ y cÃ³ váº¥n Ä‘á» hay chá»‰ max Ä‘c tá»›i Ä‘Ã³ ko full 100%",3
" Ä‘i báº£o hÃ nh máº¥t 1,5 thÃ¡ng vá» xÃ i Ä‘Æ°á»£c 2 thÃ¡ng lá»—i tiáº¿p",1
 Sáº£n pháº©m nhÃ¬n hoÃ nh trÃ¡ng mÃ  ko giá»¯ nÃ³ng,1
sao ko thÃ¢Ìy ho tro the nhÆ¡Ì,1
 Äá» nghá»‹ shop giao thÃªm sá»‘ 8 cho tÃ´i rÃ¡p ná»¯a,1
Äá»“ chi mÃ  xem láº¡i k Ä‘Æ°á»£c,1
"HÃ ng Ä‘Ã£ bá»‹ active tá»« trÆ°á»›c, káº¿t ná»‘i vÃ o Ä‘Ã£ cÃ³ tÃªn ngÆ°á»i dÃ¹ng trÆ°á»›c, báº£o hÃ nh thÃ¬ chá»‰ cÃ²n tá»›i 05/2022",3
Ã‚m thanh cÅ©ng bÃ¬nh thÆ°á»ng,3
 mÃ u khÃ´ng giá»‘ng hÃ¬nh láº¯m,2
 NhÆ°ng sÆ¡n kÃ©m quÃ¡,2
bÃªn cÃ²n láº¡i k pit nÃ o hÆ° lun,3
khÃ´ng biáº¿t cÃ¡c báº¡n tháº¿ nÃ o chá»© mÃ¬nh láº¯p 1 mÃ¬nh 3 tiáº¿ng má»›i xong,3
BÃ¬nh quÃ¡ to vá»›i con gÃ¡i : ,1
Giá»¯ nhiá»‡t ko tá»‘t láº¯m,3
 M cÃ³ gá»­i hÃ¬nh áº£nh pháº£n há»“i láº¡i tiki vÃ  Ä‘ang Ä‘á»£i giáº£i quyáº¿t,2
"Mua cho bme mÃ  bme nháº­n ko thÃ­ch nÃ³i má»ng, ko cháº¯c",3
"KhÃ´ng sá»­ dá»¥ng Ä‘Æ°á»£c, vá»£t muá»—i khÃ´ng cháº¿t khÃ´ng kÃªu, chá»‰ Ä‘Ã nh mang bá» rÃ¡c!",2
" ÄÃ£ reset thiáº¿t bá»‹ nhiá»u láº§n, thay Ä‘á»•i WIF khÃ¡c, Ä‘á»ƒ káº¿t ná»‘i láº¡i nhÆ°ng khÃ´ng cáº£i thiá»‡n",3
Ko lÃªn Ä‘Ã¨n ko reset Ä‘Æ°á»£c mong nhÃ  bÃ¡n hÃ ng Ä‘á»•i láº¡i cÃ¡i má»›i gáº¥p,2
 QuÃ¡ tháº¥t vá»ng vá»›i Tiki,1
 dÃ¹ pin cÃ²n nhiá»u nhÆ°ng chá»‰ khuáº¥t 1 cÃ¡i tá»§ gá»— Ä‘Ã£ máº¥t káº¿t ná»‘i,1
TÃ´i mua pháº£i hÃ ng khÃ´ng Ä‘Ãºng theo Ä‘Æ¡n Ä‘áº·t hÃ ng,1
"DÃ¹ng láº§n Ä‘áº§u tiÃªn thÃ¬ ráº¥t tá»‘t, ná»• máº¡nh, vá»£t Ä‘Æ°á»£c nhiá»u muá»—i cÃ¹ng lÃºc váº«n bÃ¬nh thÆ°á»ng",2
 QuÃ¡ tháº¥t vá»ng vá»›i sp cá»§a ngÆ°á»i bÃ¡n vÃ  sáº£n pháº©m cá»§a tiki,1
Äá»ƒ lá»™ thÃ´ng tin khÃ¡ch hÃ ng,1
cháº¥t lÆ°á»£ng khÃ´ng tÆ°Æ¡ng xá»©ng so vá»›i giÃ¡ bÃ¡n,2
 Tuy nhiÃªn cÃ³ nhá»¯ng lá»—i nhÆ° sau: ,3
"Giáº¥y cÃ³ mÃ¹i kiá»ƒu má»‘c, nhÆ° thá»ƒ Ä‘á»ƒ lÃ¢u trong kho",1
"Má»›i dÃ¹ng chÆ°a Ä‘Æ°á»£c bao lÃ¢u mÃ  cÃ¡i náº¯p Ä‘Ã£ há»ng nhÆ° váº­y, lÃ²i cáº£ miáº¿ng xá»‘p bÃªn trong",2
"Giao nhanh, sáº£n pháº©m Ä‘ang chá» xem láº¡i lÃ  pod1 hay pods2",3
HÆ°á»›ng dáº«n sÆ¡ sÃ i,1
"Cháº¥p nháº­n Ä‘Æ°á»£c, cÃ³ mua láº¡i",3
Sáº£n pháº©m bá»‹ lá»—i á»Ÿ pháº§n mÃºt vÃ  táº¥m nhá»±a bá»‹ cong,1
" MÃ¬nh há»i cÃ³ Ä‘Æ°á»£c 1 Ä‘á»•i 1 khÃ´ng, bÃªn Tiki nÃ³i lÃ  Ä‘á»ƒ kiá»ƒm tra má»›i biáº¿t cÃ³ Ä‘á»•i khÃ´ng",3
káº¿t ná»‘i quÃ¡ kÃ©m,1
cá»¥c hÃ ng cÃ³ xÃ­u mÃ  phÃ­ ship cao quÃ¡,1
" Äáº§u vÃ­t bá»‹ lÃ²i ra ngoÃ i máº·t pháº³ng nhiá»u, khÃ´ng Ä‘áº¹p máº¯t",2
 GiÃ¡ ngÃ y 07/10 Ä‘áº¯t hÆ¡n ngÃ y thÆ°á»ng 30k ná»¯a chá»©,1
táº¡i sao má»™t bÃªn sáº¡c dc 1 bÃªn lai ko dc,1
1 bÃªn cÃ³ tiáº¿ng rÃ¨ rÃ¨ Ã¢m thanh khÃ´ng chuáº©n,1
 nhÆ°ng má»›i sáº¡c Ä‘Æ°á»£c 3% thÃ¬ Ä‘Ã£ xuá»‘ng má»™t cá»¥c,3
 Trong khi Ä‘Ã³ sáº£n pháº©m Ä‘Æ°á»£c báº£o hÃ nh 18 thÃ¡ng,3
ÄÃ£ há»ng sau sá»­ dá»¥ng 2 tuáº§n,1
á»¶ y nÃªn khÃ´ng chá»¥p hÃ¬nh quay fim lÃºc má»Ÿ hÃ ng,2
 Tháº¥y láº§n sáº¡c cuá»‘i cÃ¹ng lÃ  thÃ¡ng 11 nÄƒm nay,1
AVI Admin cÃ³ thá»ƒ giÃºp tÃ´i!Sau khi cÃ i Ä‘áº·t xong camera khÃ´ng hiá»ƒn thá»‹ hÃ¬nh áº£nh mÃ  nÃ³ cá»© xoay vÃ²ng trÃ²n ,1
Táº¡m Ä‘Æ°á»£c nhÆ°ng chÆ°a tá»‘t láº¯m,3
 cÃ¡i nÃ y lÃ  do thiáº¿t káº¿ váº­y hay do lá»—i váº­y shop,2
 MÃ¬nh chia sáº» cho ngÆ°á»i thá»© 2 theo dÃµi thÃ¬ ngÆ°á»i kia khÃ´ng thá»ƒ Ä‘iá»u chá»‰nh Ä‘Æ°á»£c gÃ¬ cÅ©ng nhÆ° giá»ng nÃ³i,1
"xÃ i táº§m 2 thÃ¡ng lÃ  hÆ° 1 bÃªn, nghe bá»‹ rÃ¨",3
Giao hÃ ng nhanh hÆ¡n dá»± kiáº¿n ,3
Sáº£n pháº©m sáº¡c pin khÃ´ng vÃ o!,1
"ChÆ°a nháº­n Ä‘Æ°á»£c hÃ ng Ä‘Ã£ cho Ä‘Ã¡nh giÃ¡, rá»“i hÃ ng bÃªn mÃ¬nh giao ai rá»“i, khÃ´ng tháº¥y cuá»™c gá»i nhá»¡ nÃ o",1
"MÃ¡y má»›i mua vá» mÃ n hÃ¬nh Ä‘Ã£ bá»‹ Ã¡m vÃ ng, lÃ m cho camera cÅ©ng bá»‹ Ã¡m vÃ ng theo",2
tháº¥t vá»ng vá» sp quÃ¡,1
sáº£n pháº©m lau xong vá»‡ sinh trÃªn táº¥m lau váº«n dÃ­nh báº©n,3
000,3
Sao mua hÃ ng khÃ´ng cÃ³ quÃ  táº·ng nhÆ° quáº£ng cÃ¡o váº­y shop? Náº¿u khÃ´ng cÃ³ thÃ¬ bá» cÃ¡i hÃ¬nh quáº£ng cÃ¡o Ä‘i,1
camera ok mÃ  ko tháº¥y chá»— gáº¯n thá»ƒ nhá»›,3
khÃ¡ tháº¥t vá»ng,1
chá» lÃ¢u quÃ¡ ,2
TrÆ°á»›c Ä‘Ã³ khi chá» Ä‘Æ¡n hÃ ng nÃ y mÃ¬nh Ä‘Ã£ gá»i Ä‘iá»‡n pháº£n Ã¡nh ráº¥t nhiá»u láº§n rá»“i,1
"MÃ¡y má»›i mua vá» xÃ i 1 ngÃ y mÃ  tháº¥y PIN mau háº¿t vá»›i nÃ³ng mÃ¡y dÃ£ man, khÃ¡c hoÃ n toÃ n cÃ¡c sáº£n pháº©m khÃ¡c xÃ i",1
"dÃ¹ hÃ ng má»›i nhÆ°ng máº·t bÃ n hÆ¡i tráº§y, cÃ³ bá»™ pháº­n bá»‹ máº» gÃ³c",3
"giá»¯ nhiá»‡t tá»‘t, bÃ¬nh sÃ i ráº¥t Ãªm, á»§ng há»™ shop tiáº¿p",1
 Nhá» shop hÆ°á»›ng dáº«n giÃºp mÃ¬h vá»›i áº¡,2
gÃ³i nhá» xÃ­u dáº¡y mÃ  300 tá» cháº¯c tin,3
Thá»‰nh thoáº£ng Ä‘á»™t nhiÃªn disconnect ,1
KhÃ¡ á»•n trong táº§m giÃ¡ â€¦,3
"Äá»™ trá»… cao quÃ¡, chÆ¡i game ko phÃ¹ há»£p",2
Thiáº¿u muá»—ng nÄ©a shop Æ¡i,1
Cháº¥t lÆ°á»£ng ko tá»‘t,1
KhÃ´ng thÃ­ch nghi vá»›i mÃ¹i giáº¥y nÃ y ,1
"á»• Ä‘iá»‡n khÃ¡ cháº­t, cáº¯m vÃ´ toÃ n bá»‹ káº¹t",1
 Váº¥n Ä‘á» giao hÃ ng,1
Má»›i mua vá» khui ra Ä‘Ã£ hÆ°,1
    ÄÃ¡nh giÃ¡ khÃ´ng tÃ­nh Ä‘iá»ƒm,1
"Sáº£n pháº©m giá»¯ nhiá»‡t tá»‡, khÃ´ng hÃ i lÃ²ng",2
" Nhá»¯ng láº§n sau bá» tai nghe vÃ o trong há»™p sáº¡c airpod Ä‘á»u yÃªu cáº§u tá»± káº¿t ná»‘i láº¡i, ráº¥t phiá»n phá»©c",1
va hay tá»± ngáº¯t Ã¢m thanh,1
 Tá» giáº¥y ko tá»‘t nhÆ° mong Ä‘á»£i,1
"HÆ¡i náº·ng tay, náº·ng hÆ¡n cÃ¡i lap",3
 NhÆ°ng mÃ¬nh Ä‘Ã£ dÃ nh thá»i gian chá» á»Ÿ nhÃ  mÃ£i mÃ  khÃ´ng nháº­n Ä‘Æ°á»£c,1
 ai ngá» nháº­n Ä‘c hÃ ng ráº¥t xáº¥u,1
 Tiki ko kiá»ƒm tra hÃ ng trÆ°á»›c khi gio cho khÃ¡ch hÃ ng sao,1
 Bá»‹ ngáº¯t máº¡ch khi sáº¡c pin ,1
"Tá»•ng káº¿t lÃ , tráº£i nghiá»‡m nháº­n hÃ ng láº§n nÃ y quÃ¡ má»‡t má»i",1
 CÃ¢y lau ko xoay 360 Ä‘á»™ Ä‘Æ°á»£c,3
"hÆ°á»›ng dáº«n láº¯p rÃ¡p sÆ¡ sÃ i, khÃ´ng chi tiáº¿t lÃ m máº¥t thá»i gian",3
 Check mÃ£ thÃ¬ toÃ n kÃªu k cÃ³ thÃ´ng tin mua hÃ ng,1
